id,name,count,name_eng
0,,0,
5170,Umgebungsgeräusche,481,Ambient noise
4626,pericoloso,265,dangerous
4723,accessibile,171,accessible
4822,culture,143,culture
5541,water,141,water
5840,piazza,129,piazza
5695,ponti,128,bridges
7148,sorocaba,115,sorocaba
5242,accesibilidade,82,accessibility
6785,paseo,77,paseo
5760,ambiente affollato,76,crowded environment
4958,Precaución,74,Caution
5115,Geruch,72,Odor
4968,Iglesia,68,Iglesia
6882,exploración barrio,68,neighborhood exploration
4669,ristorante,66,ristorante
4845,Music,64,Music
2889,Autobus,60,Bus
5056,Tactile,58,Tactile
5019,. De referencia,57,. Reference
1710,bar,57,bar
5903,Calle morta,57,Calle dead
5908,Venezia di notte,55,Venice at night
4668,scale,53,scale
4984,cafeteria,51,cafeteria
4703,percorso loges,51,Loges route
5799,pozzi,49,wells
4120,testing,47,testing
4896,garden,47,garden
4715,temporaneo,46,temporary
5161,Humboldt Universität,44,Humboldt University
4790,tree,41,tree
7988,Yolei,41,Yolei
6796,poblats marítims,41,maritime villages
4679,machine,39,machine
6810,cabanyal,38,cabanyal
7885,Coaabitat sguardiparzialimonditotali dallafinestra startAC atipicheedizioni,37,Coagabitat SCIGUDIPARTIALIMITALIZATORALS from the Startac ATIPICEDIZIONI
6765,33Bienal,37,33Bienal
4705,campane,37,bells
4825,shop,36,shop
5152,history,36,history
1754,prova,34,trial
5120,railway stations,34,railway stations
5922,Barcarizzi,33,BarCarizzi
4820,drinking fountain,32,drinking fountain
5296,Turismo,32,Turismo
4704,marciapiede,31,sidewalk
7989,Yoley,31,Yoley
7990,Yolí,31,Yoli
5231,Semáforos sonoros,30,Sound traffic lights
4863,park,30,park
4785,test,29,test
5085,art,29,art
5619,niñas,28,Girls
4828,food,27,food
5034,Vögel,26,Birds
5771,canal grande,26,Large channel
4675,riunione,26,meeting
6764,Pisos táteis,25,Tactile floors
5339,Non accesible,24,Non accesible
4693,tram,24,tram
4624,sole,24,sole
5936,ghetto,23,ghetto
5788,Gradini,22,Steps
5941,Calli,22,Calli
6875,Pasqual,22,Paschal
6051,plataforma única,22,unique platform
4671,ciottoli,22,pebbles
6802,puerto,22,puerto
5148,water fountain,22,water fountain
6250,fondamente,22,foundations
4810,library,21,library
4722,fioriere,21,planner
5236,Deporte,21,Deport
5178,Benches,21,Benches
5014,espacio abierto,20,open space
7322,Japan House,19,Japan House
4227,testApi,19,Testapipi
4228,apiTest,19,apiTest
5759,carnevale,19,carnevale
4801,transport,19,transport
5011,obstáculo,19,obstacle
4975,carril bici,19,Bike lane
7529,Laramara,18,Laramara
6948,Teatro,18,Theater
5880,Sotoportego,18,Sotoporty
6666,Proyecto,18,Project
6671,Palabras y más,18,Words and more
5036,Kunstwerke,17,Works of art
4700,inciviltà,17,incivility
7631,MACS,16,MACS
5283,Monumento,16,Monument
5732,barche,16,boats
7239,centro cultural sp,16,SP Cultural Center
6050,carrers per a tothom,16,streets for everyone
6814,Sensacions,16,Sensations
5391,Vaporetto,16,Vaporetto
6114,Servizi,16,Services
5919,Calle chiusa,16,Calle Chiusa
8001,dijous,15,saidus
5057,sculptures,15,sculptures
6148,Relax,15,Relax
5041,S-Bahn,15,S-Bahn
5622,Gra miejska,15,City game
6369,mare,15,mare
4795,furniture,15,furniture
4699,lavori,14,jobs
5039,Spielplatz,14,playground
5173,Kaffeetische,14,Coffee table
6210,bassorilievi,14,bas -reliefs
6247,natura,14,nature
7342,Paulista,14,Paulista
4707,Science Politiche,14,Political sciences
6126,suoni,14,sounds
5428,Szkola,13,School
4284,strada,13,street
7997,Uno,13,A
7998,dos,13,of the
5421,Workshop,13,Workshop
7999,tres,13,three
6809,calles,13,streets
5122,hotels,13,hotels
4851,Vision Australia,13,Vision Australia
6778,Interiores,12,Interior
5698,Bacari,12,Bacari
5314,Museos,11,Museos
6063,luci,11,luci
5736,silenzio,11,silence
5247,Aparcamiento minusvalidos,11,Disabilities parking
5140,Memorial,11,Memorial
6367,Scalea,11,Scalea
4812,good cafe,11,good cafe
5227,arquitectura,11,architecture
5750,profumi,11,perfumes
4808,braille,10,braille
5864,Rumori,10,Noise
7866,barcelona,10,barcelona
5855,vento,10,vento
4352,pioggia,10,rain
3683,Testando,9,Testing
5303,Parque,9,Parque
5965,mercato,9,market
5753,persone,9,people
5804,mappe tattili,9,Tactile maps
6079,Scultura,9,Sculpture
6390,binari,9,binary
5365,pueblos,9,pueblos
4724,colonna,9,colonna
6138,Targa,9,Targa
5229,Piscinas,9,Pool
6130,descrizione,8,description
5037,u-Bahn,8,u-Bahn
6513,Hola,8,Hello
5234,BlindWiki,8,Blindwiki
7242,teste,8,test
5072,Fahrrad,8,Bicycle
7965,Camí dels enamorats,8,Way of lovers
7996,dimecres,8,Wednesday
6039,porta,8,porta
4996,obstáculo aéreo,7,aerial obstacle
5137,tourists,7,tourists
7177,sampa,7,Following
6340,farmacia,7,pharmacy
7599,Memorial da América latina,7,Memorial da América
5020,arte urbano,7,Urban art
7073,Arte callejero,7,Street art
6331,ca foscari,7,as fosscari
4865,leggende,7,legends
4717,motorini,7,motor
5725,Trattoria Pontini,7,Trattoria Pontini
5403,camino de santiago,7,Camino de Santiago
5387,Scuola,7,School
6348,archi,7,archi
5104,Ampel,7,Traffic light
7839,Museu do Amanhã,7,Museum of Tomorrow
7058,hospital,7,hospital
4805,plans,7,plans
6025,San Rocco,6,San Rocco
5092,Demonstration,6,Demonstration
6552,spiaggia,6,beach
4962,repostería tradicional,6,Traditional pastry
6410,giudecca,6,Judecca
5738,gabbiani,6,seagull
5256,Cajero automatico,6,ATM
5070,Travel,6,Travel
5158,Orientierung,6,orientation
5477,Przystanek,6,Stop
7995,Testingr,6,Testingr
5854,Voci,6,Voices
7110,Chalé francês,6,French chalet
5974,tranquillità,6,calm
4869,sportello,6,door
7199,Casa Modernista,6,Modernist house
5309,Pedras,6,Stones
5781,Aosta,6,Aosta
5888,pianta,6,plant
6248,notturno,6,night
5959,Redentore,6,Redeemer
6266,sede centrale,6,headquarters
2902,pizza,6,pizza
5502,Staw,6,Joint
7079,muralla,6,wall
2916,obj.casa,6,obj.casa
7506,Carlos,6,Carlos
5392,padiglione catalano,6,Catalan pavilion
6299,pace,6,pace
5167,Verkehr,6,Traffic
5107,fehlende taktile Pflasterung,5,Missing tactile paving
6994,Upv,5,UPV
5079,Interviews,5,Interviews
6532,pozzo,5,pozzo
5357,jugos kerns,5,Kerns juices
6116,shopping,5,shopping
5909,toccare,5,touch
6027,rilievo,5,relief
7717,MAM,5,MAM
5182,Football,5,Football
5538,center,5,center
5139,fences,5,fences
5304,Semáforo sin sonido,5,Traffic light without sound
7118,eai,5,eai
7323,Avenida Paulista,5,Avenida Paulista
7294,Exposições,5,Exhibitions
5879,gondola,5,gondola
4775,catene,5,chains
7348,Hospital Santa Catarina,5,Santa Catarina Hospital
5967,Mercato del pesce,5,Fish market
6341,tabacchi,5,tobacconists
5361,Verán,5,Summer
5621,silencio,5,silence
5791,calma,5,calm
6228,Pericolo acqua,5,Water danger
7677,Bahia,5,Bahia
5456,Krasnale,5,Dwarf
5026,bambina,5,girl
5402,Santiago de Compostela,5,Santiago de Compostela
4955,Lumpen,5,Rag
5742,libri,5,books
6505,Service,5,Service
6069,marmo,5,marble
5075,Hund,5,Dog
5347,Casa da Troia,5,Trojan house
7278,dança,5,dance
5133,Neugier,5,curiosity
6085,tatto,5,touch
5727,Estacion # yokoham#,5,Station # Yokoham #
6086,legno,5,wood
5299,Banco,5,Banco
6670,Amor,5,Amor
5767,Venezia,5,Venezia
5281,Salud,5,Health
4819,entrance,5,entrance
5934,Scalini,5,Steps
7412,Fiesp,5,FIESP
4946,Domingo,4,Domingo
5769,Appetitoso,4,Appetizing
4712,ponteggi,4,scaffolding
6820,Cantar,4,Sing
5380,Calor,4,Heat
5686,Capitello,4,Capital
7141,mobilidade,4,mobility
6834,Bullicio,4,Bustle
7203,Curiosidade,4,Curiosity
6421,view,4,view
5483,Zamek,4,Lock
7992,paisatge sonor,4,Sound landscape
5068,Berlinische Galerie,4,Berlinische Galerie
7900,estación norte,4,North Station
5829,Colori,4,Colors
5080,Oranienburgerstrasse,4,Oranienburgerstrasse
4809,MECO,4,Meco
5985,Eco,4,Eco
7044,palmeras,4,palm trees
5081,CO Berlin,4,What Berlin
4981,Rampa,4,Ramp
7161,feira livre,4,free fair
6316,Cortili,4,Courtyards
5184,playing fields,4,playing fields
7494,WTF,4,WTF
7941,senderisme,4,hiking
7610,Gastronomia,4,Gastronomy
6813,concierto,4,concert
7180,pastel,4,pastel
5112,Museumsinsel,4,Museum island
5644,Busstop,4,Bus stop
5926,fermata,4,stop
7183,caldo de cana,4,sugarcane
4954,Castelló,4,Castle
7742,Brasil,4,Brazil
7243,Centro cultural São Paulo,4,São Paulo Cultural Center
5927,Crocevia,4,Crossroads
6195,giochi,4,games
5681,Campo Santa Margherita,4,Campo Santa Margherita
5762,Toilette,4,Toilette
5320,casco vello,4,Helmet hair
7639,arte contemporânea,4,contemporary art
5062,Büro,4,Office
5549,wywiad,4,interview
5913,scorrimano,4,scoring
7681,Salvador,4,Salvador
6041,portico,4,portico
4832,sensorygarden,4,sensorygarden
4677,mappe,4,maps
6155,Imbarcaderi,4,Embarks
7872,UPC,4,UPC
7561,minhocão,4,worm
5532,ratusz,4,town hall
5649,,4,
7247,Cão guia,4,Guide dog
6471,ponti morti,4,Dead bridges
7175,inclusão,4,inclusion
6042,chiostro,4,cloister
7114,tedt,4,tedt
5802,iscrizioni,4,registration
7991,Vall del corb,3,Corb Valley
5653,beta,3,beta
7851,Novo servidor,3,New server
7040,La Roqueta,3,The Roqueta
6173,primavera,3,primavera
6312,fortuny,3,Fortuny
5874,santa Marta,3,Santa Marta
6189,entrata,3,entrance
6774,va bé,3,It goes well
7465,fotografia,3,photograph
4979,parada bus,3,Bus stop
6158,Squero,3,Squero
6821,pablo,3,pablo
7632,morango,3,strawberry
5877,Parco giochi,3,Playground
7260,Vergueiro,3,Berry
7950,Pont,3,Pont
7993,Vinyes,3,Vineyards
6221,abbandono,3,abandonment
7491,Asac,3,Asac
5000,niños correteando,3,children running
7598,GCM,3,GCM
6651,Festa,3,Party
5878,basket,3,basket
4963,Descripcion,3,Description
5109,Kreuzung,3,Crossing
7143,Deus,3,Deus
7261,bengala,3,Bengal
7664,exposição,3,exhibition
5208,Vorstellung,3,Performance
6901,sombra,3,sombra
7587,falta de acessibilidade,3,lack of accessibility
7762,Museu do folclore,3,Folklore Museum
5315,CORREOS,3,Right
7008,plaza de toros,3,bullring
7217,Vale do Anhangabau,3,Anhangabau Valley
6366,divertimento,3,fun
5233,Antoni Abad,3,Antoni Abad
6631,padiglione,3,pavilion
5342,Ferias,3,Fairs
5082,Postfuhramt,3,Post -fiction office
6863,l'horta,3,L'Horta
7495,foo,3,foo
5329,catedral,3,cathedral
5141,experience,3,experience
5942,Barca,3,Barca
5740,Libreria,3,Bookshelf
4966,cosas raras,3,Rare things
5343,San Martín Pinario,3,San Martín Pinario
6206,vuoto,3,empty
6343,artigianato,3,craft
7666,Sesc,3,Sesc
6019,pasticceria,3,pastry shop
7636,Museu,3,Museum
7612,Barra Funda,3,Foundry bar
5595,Lody,3,Ice-cream
7350,blindwikibr,3,blindwikibr
5174,Freunde,3,Friends
5972,Aaudiolibro,3,Aaudiolibro
5526,Bank pkobp rynek,3,Bank PKOBP Rynek
6344,Gelato,3,Ice-cream
5898,Multidirezionale,3,Multidirectional
4989,Barrera,3,Barrera
6954,sonora,3,sonora
7170,São Paulo,3,São Paulo
6792,Exploración del barrio,3,Neighborhood exploration
7497,associação cadevi,3,CADEVI ASSOCIATION
7197,ônibus,3,bus
5882,passaggio,3,ride
6678,túneles,3,Tunnels
6403,People Mover,3,People Mover
5295,Alameda,3,Alameda
5886,calle stretta,3,tightening
7314,Alex Flemming,3,Alex Flemming
5030,Wifi,3,Wifi
7420,Mequi 1000,3,Mequi 1000
5088,Polizei,3,police
4816,courtyard,3,courtyard
5929,Affollamento,3,Crowding
7173,dorinanowill,3,dorinanowill
5010,Acera a ras,3,Scale to Ras
6280,osteria,3,osteria
7978,primer tram,3,First tra
6198,viale,3,avenue
5565,klub,3,club
7027,Nazaret,3,Nazareth
4871,presidi sanitari,3,health facilities
5978,portale,3,portal
6782,Jardín botánico,3,Botanical garden
4993,Angelito de perrita,3,Angelito de Perrita
5587,Książki,3,Book
6099,scuole,3,schools
7113,Nou tag,3,Nou tag
6249,fruttivendoli,3,fruiting them
5165,Stelenfeld,3,Stelenfeld
5859,laguna,3,laguna
6483,Darsena,3,Darsena
7898,Camino,3,Camino
7873,bw/EDU,3,bw/EDU
5534,Placki,2,Pies
7005,navegando,2,navigating
5091,springen,2,jump
7485,lixo,2,trash
7920,paissatge sonor,2,sound landscape
5578,Piano,2,Piano
6270,Sete,2,Seven
6551,Spiagge,2,Beaches
7959,Cerdanya,2,Pile
3112,testaudio,2,testing
6964,juegos,2,games
6088,inferriata,2,railway
5067,Liegestühle,2,Deck chairs
5193,Water pump,2,Water pump
6521,Oficina,2,Office
7508,Óscar Freire,2,Óscar Freire
7683,Eodoviaria,2,Eodoviaria
5230,Compostela,2,Compostela
4836,hhome,2,hhome
7449,cantando e encantando,2,singing and enchanting
5640,Dworzec glowny,2,Main station
6885,Trinquet,2,Ratchet
6607,família,2,family
5921,statue,2,statue
7949,elements urbans,2,urban elements
6459,campo da tennis,2,tennis court
5862,Carcere,2,Prison
4948,Probeta,2,Test tube
7214,Pão de queijo,2,Cheese bread
6923,Tranquilidad,2,Tranquillity
6618,Olafur Eliasson,2,Olafur Eliasson
7249,instituto magnus,2,Institute great
6174,Passerella,2,Catwalk
7435,Agradecimento,2,Gratefulness
5055,anfassen,2,touch
7804,Popchoir,2,Popchoir
7450,comércio ambulante,2,walking trade
6409,Isole,2,Islands
4728,medici,2,medici
6048,modellino edificio,2,model building
7863,Síndrome de Down,2,Down Syndrome
5340,santa lucia,2,Santa Lucia
5155,Street crossing,2,Street crossing
5951,servizio esselunga importante,2,important Esselunga service
7553,superação,2,resilience
7466,Moreira Salles,2,Moreira Salles
6339,panificio,2,bakery
6886,raspall adaptat,2,adapted brush
7663,Sesc Sorocaba,2,Sesc Sorocaba
6533,supermercato,2,supermarket
5127,cinemas,2,cinemas
5246,ONCE,2,ONCE
6949,espectaculo,2,show
4860,pilastro dissuasore,2,dissuasive pillar
7082,La primera Once de Valencia,2,The first eleven of Valencia
7564,Calçada,2,Sidewalk
5772,Guggenheim,2,Guggenheim
8002,divendres,2,Friday
5659,Drum,2,Drum
6924,Palomas,2,Doves
6029,Decorazioni,2,Decorations
6619,Green Light,2,Green Light
6272,studenti,2,students
6822,irene,2,irene
7961,Random,2,Random
7805,culturainglesa,2,culturainglesa
6874,Máquina,2,Machine
6800,tinglados,2,listen
7940,Camí,2,Path
5426,Polski Związek Niewidomych,2,Polish Association of the Blind
6447,Lido,2,Lido
7609,Rua Camaragibe,2,CAMARAGIBE STREET
5592,Kiosk,2,Kiosk
7061,animales,2,animals
5341,peregrinos,2,pilgrims
6376,pizzeria,2,pizzeria
6104,frari,2,Frari
7476,árvores,2,trees
5395,La Serra,2,The Serra
7843,Sustentabilidade,2,Sustainability
6950,mercat,2,market
5171,üben,2,practice
5620,sueño,2,dream
7806,santossp,2,santossp
6862,Picanya,2,Picanya
4950,Lluvia,2,Rain
5372,Info generica,2,Generic info
6685,texturas,2,textures
5660,silence,2,silence
5454,Fontanna rynek,2,Rynek fountain
7634,Rota Sorocaba,2,Sorocaba route
7454,diversidade na Paulista,2,Diversity in Paulista
5383,Narrow street,2,Narrow street
7751,Natural,2,Natural
5111,Tastmodell,2,Tastmodell
7274,piso tátil do lado direito,2,tactile floor on the right side
6105,san polo,2,San Polo
7665,Carolina Maria,2,Carolina Maria
6425,venetians,2,venetians
6902,sabores,2,flavors
7119,Tot,2,To
5808,Giocattoli,2,Toys
7324,Visão,2,Vision
5924,Arsenale,2,Arsenal
5705,verduras,2,vegetables
4864,aspettare,2,wait
5866,Rialto,2,Rialto
4716,segnaletica,2,signs
7009,segunda parte,2,second part
6119,poesia,2,poetry
5290,Educacion,2,Education
8004,Yorelei,2,Yorelei
5661,gretapower,2,gretapower
6354,Movimento,2,Movement
6721,Plantas,2,Plant
5220,Galway,2,Galway
7130,Holahola,2,Short hortlarge
5455,Kameleon,2,Chameleon
5058,faces,2,faces
6653,documenta,2,documenta
5633,Przejscie przez ulice,2,Passage through the streets
6876,Horno,2,Oven
6133,riva,2,riva
6449,piscina,2,pool
6052,andanes,2,platches
6632,Venezuela,2,Venezuela
5594,Tosty,2,Toast
6378,corte,2,court
6193,informazioni,2,information
5971,pesce,2,pesce
7731,Voluntariado,2,Volunteering
7994,Mas Fogonussa,2,But firenuss
6676,pendientes,2,earrings
6710,incivico,2,incivic
6259,navi,2,navi
6545,Descrizione ambientale,2,Environmental description
6952,entrevista,2,interview
5609,Szumiąca zagadka,2,Rustling
7893,Calle peatonal,2,Pedestrian street
6791,aula,2,classroom
5097,ABSV,2,Absv
7219,Rota Blindwiki,2,Rota Blindwiw
5417,Dziura w chodniku,2,Hole in the pavement
5221,NCBI,2,NCBI
6928,mirlos,2,Nirals
5059,BB9,2,BB9
5741,acqualta,2,Acqualta
4672,Freddo,2,Cold
6489,Utilities,2,Utilities
6095,scuola san rocco,2,San Rocco School
6332,Giobbe,2,Job
5881,buio,2,dark
7024,Aroma,2,Aroma
7311,ensaio,2,rehearsal
7943,Ruta de les cascades,2,Route of the waterfalls
5956,tradizione,2,tradition
6209,tombini,2,manholes
6504,Chiostri,2,Cloisters
7208,vivência,2,experience
7480,tutorial,2,tutorial
7915,Semàfor sonor,2,Sound traffic light
7524,buracos,2,holes
7954,element tàctil,2,tactile
6465,s.Elena,2,s.Elena
5623,kroki,2,steps
5188,Cul-de-sac,2,Cul-de-sac
6122,tavoli,2,tables
6689,路很小,2,The road is small
7220,Anhangabaú,2,Anhangabaú
5418,Kirche,2,Church
7602,Memorial America Latina,2,Memorial America Latina
6278,attenzione scalini,2,Attention steps
6826,detalles urbanos,2,Urban details
7254,Aplicativo,2,Application
6769,domenica,2,Sunday
7458,artesanato na Paulista,2,Crafts at Paulista
5074,Bier,2,Bier
6667,rosa,2,rosa
7905,Arc de triomph,2,Arc de Triomph
4969,#precaucion #terraza #bar #cafeteria,2,#Precalecion #terraza #Bar #Cafeteria
7754,Basalto,2,Basalt
4793,stalls,2,stalls
7025,césped,2,grass
7514,Pobre Juan,2,Poor Juan
5029,hola Antoni estamos aqui trabajando mucho I guess that clear,2,Hi Antoni we are here working a lot I Guess That Clear
7869,reivindicar,2,claim
7364,Bispo do Rosário,2,Bishop of the Rosary
5175,selfies,2,selfies
7733,Rota Mam,2,Rota I have
5761,San Marco,2,San Marco
7209,Rosewood,2,Rosewood
5646,disaster,2,disaster
6345,Restauro,2,Restoration
7481,app,2,app
7668,sp,2,sp
5319,Franco,2,Franco
7244,Centro cultural,2,Cultural center
6747,Moscowneversleeps,2,Moscowneversleeps
5376,Bereich Lebensmittel,2,Food area
5189,oasis,2,oasis
6724,Amores,2,Love
5419,church,2,church
7409,Shopping cidade São Paulo,2,Shopping Cidade São Paulo
6931,arena,2,arena
5333,Obradoiro,2,Workshop
5945,Monopattino,2,Scooter
7712,Rota,2,Rota
7638,Fotografias,2,Photographs
6197,Riposo,2,Rest
7459,artista de rua,2,street artist
5743,magia,2,magic
6603,Ortsbeschreibung,2,Place description
6528,souvenir,2,souvenir
8018,Monestir de Pedralbes,2,Monastery of Pedralbes
5696,ponte di Calatrava,2,Calatrava bridge
5237,Lagoa,2,Pond
7077,Torres Quart,2,Torres Quart
6212,Partigiane,2,Partisan
7734,Olhar diferente,2,Scrutiny
7210,Cidade Matarazzo,2,Matarazzo City
7669,Carolina Maria de Jesus,2,CAROLINA MARIA DE JESUS
7767,deficientevisual,2,deficientevisual
7956,riu,2,riu
6749,Center of the travelers,2,Center of the travelers
6322,palazzi,2,buildings
7745,Taste festival,2,Taste festival
6124,accesso disabili,2,Disabled access
5420,église,2,church
6932,música callejera,2,street music
5825,Parrucca,2,Wig
4830,information,2,information
5149,violin,2,violin
7967,panell informatiu,2,Informative panel
5501,Biedronka,2,Ladybird
4619,accademia,2,accademia
7724,Depoimento,2,Testimony
6771,Error,2,Error
4676,localizazzione,2,localization
5637,supermarkety,2,supermarkets
6881,Guitarra,2,Guitar
4974,Trabajo,2,Job
6418,Ostello,2,Hostel
7838,Gostosuras,2,Hottie
5310,Cabina telefo,2,Cabina telefo
7946,atenció,2,attention
6153,targhe,2,plates
5697,Piazzale Roma,2,Piazzale Roma
6057,Locali,2,Premises
6636,paesi nordici,2,Nordic countries
7354,Roselene,2,Roselene
5164,Brandenburger Tor,2,Brandenburg Gate
7549,faculdade Oswaldo Cruz,2,Oswaldo Cruz College
5531,makieta,2,model
5905,foresta,2,forest
6714,sonidos ambientes,2,Sounds environments
5407,Brakprzejscia,2,Lack of
5813,spostarsi,2,move
4817,Italian forum,2,Italian forum
6540,Casinò,2,Casino
7957,muntanya,2,mountain
5491,Rekreacja,2,Recreation
6959,pintura,2,paint
5050,Exhibition,2,Exhibition
6869,maquinaria,2,machinery
4959,Cocas,2,Coca
5667,prosecco,2,prosecco
6281,spritz,2,spritz
5826,microfono,2,microphone
7343,#,2,
6372,Aigua,2,Water
6199,giostre,2,rides
7201,Arquitetura,2,Architecture
7758,trilha,2,trail
5801,fondaco tedeschi,2,Fondaco Tedeschi
5434,Boisko,2,Field
6059,Edicola,2,News kiosk
5352,descanso,2,rest
6394,Parcheggi,2,Parking lots
6214,parcheggio,2,parking
5090,Wasserturm,2,Water tower
5906,nightinvenice,2,nightinvenice
7630,Museu de arte contemporânea de Sorocaba,2,Museum of Contemporary Art of Sorocaba
5051,Ping-pong,2,Ping-pong
7188,Dorina Nowill,2,Dorina Nowill
7090,#truth #coverup #Q #elites,2,#truth #coverup #Q #elites
5379,Ubicació,2,Location
8010,Parc de l’oreneta,2,Swallow Park
5105,defekt,2,defect
5668,salablu,2,salablu
5422,Powitanie,2,Welcome
5827,peloso,2,hairy
5338,Parada taxi,2,Taxi stop
6373,soroll,2,noise
7969,Església de Rigolisa,2,Church of Rigolisa
5503,kaczki,2,duck
7445,Instituto Moreira Salles,2,MOREIRA SALLES INSTITUTE
6337,sinagoga,2,synagogue
6883,Pilota valenciana,2,Valencian pilot
4976,Cajas de fruta,2,Fruit boxes
5435,sztuczna nawierzchnia,2,artificial surface
6947,voz,2,voice
5353,agua potable,2,drinking water
5860,Posizione,1,Position
7884,Square pues te voy a decir bueno pero es que hay gente que le va a ir mejor escribir pero ahora mismo me está molestar reconociendo bien está molestar bien el cambio pero claro lo está haciendo ahora en tiempo real esto está conectado al servidor y en el t,1,"Square Well, I'm going to tell you good but there are people who will be better to write but right now it is disturbing me recognizing well is bothering the change but of course it is doing it now in real time this is connected to the server and in the T"
7080,defensa,1,defense
5369,kurve,1,curve
7368,Renato Alioti,1,Renato alioti
5179,Berlin Wall,1,Berlin Wall
7282,biblioteca braille,1,Braille library
6395,passi,1,steps
5982,ponti multidirezionali,1,multidirectional bridges
7562,Deslocamento,1,Displacement
6583,Punta della Dogana,1,Punta della Dogana
6215,corte interna,1,internal cutting
7737,Palestra,1,Lecture
7475,morro,1,morro
6509,Furio,1,Furious
6115,Vintage shop,1,Vintage shop
5282,Pistas atletismo,1,Athletics clues
7291,Jardim suspenso,1,Sustain
8000,Catalunya,1,Catalonia
6682,barandillas,1,railings
7213,Art Concierge,1,Art Concierge
6350,Dornbusch,1,Dornbusch
7672,missa,1,miss
6716,peluquerías,1,hairdressers
5411,podwórko,1,yard
7402,sao paulo terra boa,1,sao paulo good land
5216,blind,1,blind
6434,families,1,families
6922,Finca roja De Valencia,1,Red Farm of Valencia
7596,cocô no piso tatil,1,COCO ON TATIL FLOOR
6617,Padiglionecentrale,1,Pavilioncentral
7126,Sobieszewo - dzień 2,1,Sobieszewo - Day 2
7770,Ascessibilidade,1,Ascessibilidates
5815,vetrina,1,dispay window
5324,merenda,1,lunch
7333,Jardim japonês,1,Japanese garden
5136,Brandenburgertor,1,Brandenburgertor
7248,família socializadora,1,socializing family
6363,burloni,1,burloni
5935,materiale,1,material
5493,światła,1,lights
7705,Igreja Paroquia Imaculada Conceiçao,1,Immaculate Parish Church Conception
6752,Zug,1,Zug
5448,Hala Targowa,1,Market hall
7434,Celebração,1,Celebration
5715,Wykop,1,Excavation
6472,Ambienti notturni,1,Night environments
6073,calli vuote,1,empty calls
5054,sitzen,1,sit
6649,Pluja;tempesta;pati interior;,1,Pluja; Tempesta; Pati Interior;
7176,Coco natural,1,Coco natural
5617,srodmiescie,1,downtown
7802,painel,1,panel
6859,Furgoneta,1,Van
4656,auricolare,1,headset
6484,Porti,1,Port
6980,juego,1,game
7642,falta pouco!!!,1,Missing little !!!
6661,wohnzimmer,1,living room
7189,centro de memória,1,memory center
5629,Rzezby ptaki,1,Birds
6326,Tesr,1,Tesr
7814,Lardasmoçascegas,1,Ladasmocascegas
6872,Museo arroz,1,Rice Museum
7899,aeropuerto,1,airport
4961,bollería,1,Puffer
7091,Republicans,1,Republicans
7379,exclusão social,1,social exclusion
6408,dischi,1,discs
5999,pericolo mella strada,1,danger of the road
7573,Alta velocidade,1,High speed
6595,tabacchino,1,tobacconist
7100,home,1,home
5553,miniatury,1,miniatures
6235,comune Venezia,1,Municipality Venice
7748,Agência correio,1,Post Agency
6798,canasta,1,basket
5784,Rio terrà,1,Rio will hold
7830,candidatos,1,candidates
4727,belvedere,1,belvedere
7018,fundado por el padre jofre,1,founded by Father Jofre
6127,Tattili,1,Tactile
5302,Cerveceria,1,Beer
7304,Carlos # cheiro,1,Carlos #
8011,racó dels ocells,1,corner of the birds
6694,車子多,1,車子多
7225,Terraçoamdrade,1,TerraceamDrade
7938,"Parcs
Ocells
Fauna",1,"Parks
Bird
Wildlife"
5468,Urząd miasta Wrocław,1,Wrocław City Hall
6140,Traghetto,1,Ferry
5017,Cañón,1,Canon
6728,Dokan,1,DOK
5423,Witam Tadeusz,1,Hello Tadeusz
7413,sesi,1,session
6445,fritto,1,fried
6935,croquetas,1,croquettes
6047,sanrocco,1,sanrocco
7607,Memoerial  5,1,Memoerial  5
6628,percorribile,1,passable
5589,piosenka autorska,1,author's song
6284,Muretti,1,Walls
7781,Mequi,1,Mequi
5828,"Ospedalw
E civile",1,"Ospedalw
And civilian"
7862,"São Benedito 
Franciscanos 
Frei Alvaci",1,"Saint Benedict 
Franciscans 
Friar Alvaci"
7059,rius,1,rivers
7345,JHSP ACESSÍVEL,1,Accessible jhsp
5154,Spree,1,Spree
7259,Chá de folha de amora,1,Blackberry tea
6374,Illustrations,1,Illustrations
5950,Canto,1,Canto
7540,Interação,1,Interaction
6562,Grand Hotel Des Bains,1,Big Bath Hotel
7970,lectura,1,reading
5504,ryby,1,fish
7716,construcao do mundo,1,Construction of the World
6763,Altstadt,1,Old town
5464,Spacer,1,Spacer
5730,A na1,1,A na1
5963,prova registrazione,1,Registration test
7552,Gabrielzinho manos crew,1,Gabrielzinho Manos Crew
6573,gelateria,1,ice cream shop
7981,cavalls,1,horses
5517,PolishLody na Bema nie,1,Polishlody on Bema no
6202,barriera,1,barrier
7727,Olhe,1,Look
5751,Libreria acqua alta,1,High water bookcase
4692,Mercat tu,1,Market
6497,tranquilla,1,Calm
6101,ambiguità,1,ambiguity
5269,Mata ciegos,1,Kill blind
7653,poetry,1,poetry
6672,Muros de piedra,1,Stone walls
6338,info,1,info
5892,colleoni,1,hill
7910,ciutadella,1,citadel
7662,Cantora,1,Singer
5393,Totem,1,Totem
7391,dançar,1,to dance
5206,Veranstaltungen,1,Events
6897,Casas del Cabanyal,1,Houses of the Cabanyal
6011,serata primaverile,1,spring evening
7585,Ópera,1,Opera
7115,Sim,1,Sim
5568,Opera wrocławska,1,Wrocław Opera
6251,istituti,1,institutes
7760,Cachoeira do Corrdgo da Caixa dAgua Trilha Ecologica Parque Natural Municipal Basalto,1,CORRDGO DA GUAGUE WATERLY ECOLOGICAL TRAIN
5803,eliche,1,propeller
7841,Amazonia,1,Amazonia
7030,Agujero,1,Hole
5313,froiz,1,frozen
7319,série alturas,1,SERIES
5123,cultural centers,1,cultural centers
6705,Motos en espera,1,Motorcycles waiting
7238,Street dancing,1,Street dancing
7519,vemos a possibilidade,1,We see the possibility
6541,dipinti,1,paintings
7695,Kiosk Kioto,1,Kiosk Kyoto
6740,Spitalfields market,1,Spitalfields market
5436,Palarnia,1,Smoking room
7424,humanos,1,humans
5700,Battello 5,1,Boat 5
6062,terrazze esterne,1,external terraces
7619,Alda,1,Alda
6639,convivenza,1,cohabitation
7158,Dorenauil,1,Dorenauil
5604,Księgarnia,1,Bookstore
6300,rio nuovo,1,Rio Nuovo
7792,ache contemporânea,1,Contemporary
6846,trens,1,trans
5846,bellezza,1,beauty
7874,Akimatsuri,1,Akimatsuri
4853,ciao,1,ciao
7070,Adolescentes,1,Teenagers
7358,sescpaulista,1,Sescpaulist
5169,Hoffnung,1,Hope
7271,Barreiras,1,Barriers
6385,Residenze,1,Residences
6860,rueda,1,rueda
7081,Torres de Quart,1,Fourth towers
5370,Siedlung,1,settlement
7369,7 anjos,1,7 anjos
5180,Saxophone,1,Saxophone
7283,Dificuldades,1,Difficulties
6396,gatti,1,gatti
5983,Museo della music,1,Music Museum
7563,autonomia,1,autonomy
6584,Gioco,1,Game
5537,Interview,1,Interview
6220,morta,1,dead
7738,histórias,1,stories
6786,silbido,1,whistle
4713,testando2,1,Testing2
6510,reggae,1,reggae
7006,fuera Puerto de Valencia,1,Out port of Valencia
7292,Piso superior 2,1,Upper floor 2
6683,Turbos metal,1,Turbos metal
5657,enregistrament,1,recording
6351,Bäckerei,1,bakery
7487,parquiño,1,parquiño
7921,iPad,1,iPad
7673,santa Rosália,1,santa rosália
4999,encima de la acera,1,above the sidewalk
6718,niñxs,1,Niñxs
5413,Wiersz na murze,1,Poem on the wall
7403,Shopping garoa,1,Shopping Garoa
5217,sehbehindert,1,visually impaired
6435,children,1,children
7597,Rua Brigadeiro Galvão,1,Rua Brigadeiro Galvão
7127,A veure,1,To see
5579,street musician,1,street musician
6271,sicurezze,1,safety
7771,aeroporto,1,airport
5816,Gondolieri,1,Nonsense
7852,Pizza; bosko; delícias; típica;italiana,1,Pizza; Bosko; delights; Typical; Italian
4821,Italian restaurant,1,Italian restaurant
7043,Mislata,1,Mislata
5325,RECORDOS,1,Memory
7334,sociedade coletiva,1,collective company
6364,mamme,1,moms
7530,Rota acessível,1,Accessible route
7960,Església de l’Alba,1,Church of the Dawn
5494,tir,1,tir
7706,Tag da Manuela igreja Eugenio  de Melo,1,Tag by Manuela Church Eugenio de Melo
6753,Deutsch,1,Deutsch
5452,funlife,1,funlife
5716,Mori,1,Mori
6473,Edificio,1,Building
6967,cocina de bar,1,bar kitchen
6074,parallele,1,parallel
6650,table,1,table
5618,pozdrawiam,1,Regards
6313,sanbenetto,1,sanbenetto
6485,Crociera,1,Cruise
6984,Ruina,1,Ruin
6089,lampioni,1,lamps
5254,Paso de peatones no indicado,1,Pedestrian step not indicated
7643,Apoio local,1,Local support
6662,ausruhen,1,relax
7190,escritório,1,desk
5630,Muzeum,1,Museum
6327,randomtag,1,randomtag
7815,Santos,1,Santos
6873,sonidos,1,Sounds
7092,truth,1,truth
5381,Sightseeing,1,Sightseeing
7380,Grupo,1,Group
5194,no drinking water,1,no drinking water
6001,angolo con gatti e natura,1,corner with cats and nature
7574,Planeta,1,Planet
6597,Aiuola,1,Flowerbed
7101,Urbino,1,Urbino
5555,Szum,1,Noise
6236,balconcino,1,balcony
7749,Bos,1,Bos
6799,Skate,1,Skate
5785,Percorso tattile,1,Tactile route
7831,Lula,1,Lula
6522,WAV,1,WAV
7019,En Valencia,1,In Valencia
6129,Storie,1,Stories
7306,Biblioteca Louis Braille,1,LIBRIOTECA Louis BRAILLE
8012,passeig,1,promenade
5108,campus,1,campus
6695,Aparcamientos,1,Parking lots
7226,Biblioteca Mario dd Andrade,1,Andrade
7509,Pandemia,1,Pandemia
7939,"Campanes
Parroquia del Carme",1,"Bell
Carmen parish"
5469,Read them into croissant no shit I can hours if you,1,Read them into croissant no shit I can hours if you
6142,Porticati,1,Porchs
7684,rodoviario,1,highway
5018,rubia,1,blonde
6729,Auguri,1,Congratulations
5424,Tomek,1,Tomek
7414,Masp,1,MASP
5687,devozione,1,devotion
6446,pollini,1,pollen
6936,selva,1,selva
7608,Falta de rampa para pessoa com cadeira de rodas,1,Lack of ramp for person with wheelchair
6629,Israele,1,Israel
7142,complexo ferroviário,1,rail complex
5591,Meksyk,1,Mexico
6286,S.Barnaba,1,S.Barnaba
7782,Instagram,1,Instagram
6836,Bienestar,1,Welfare
4837,very manly,1,very manly
7060,monopatines,1,monopatines
7346,Fios de Seda,1,Silk fios
6375,esposizioni,1,exposures
7541,salve,1,salve
6563,Morte a Venezia,1,Death in Venice
7971,segon tram,1,second section
5505,Błoto,1,Mud
6190,Chill,1,Chill
5465,Feniks,1,Phoenix
7272,Cidade,1,City
6386,camini,1,fireplaces
6574,Mercatino,1,Market
7982,hospital transfronterer de la Cerdanya,1,Cerdanya Cross -Border Hospital
5520,Przychodnia na Pabianickiej,1,Clinic in Pabianicka
6203,Spiazzo verde,1,Green clearing
7728,imagine!,1,imagine!
6775,o no,1,or not
6500,Ilton,1,Ilton
6995,pistas deportivas,1,sports courts
6102,fastidii,1,fastidii
5270,IA,1,IA
7654,sky,1,sky
6673,alambres,1,wires
7204,Detalhes Construtivos,1,Constructive details
5641,Konferencja,1,Conference
5893,Battello 4.1,1,Boat 4.1
7911,bcn,1,bcn
4980,bordillos,1,curbs
5394,Monumento Garibaldi,1,Garibaldi monument
7392,dancaderuapaulista,1,Dancaderuapaulista
5207,Michael Jackson,1,Michael Jackson
6422,painting,1,painting
6898,trencadís,1,trenches
6013,Nova versio,1,A new version
7586,Ver com Palavras,1,See with words
6608,rio de malcanton,1,Malcanton river
7116,agora,1,now
5569,Promenada Staromiejska,1,Promenade Staromic
6254,CaFoscari,1,Cafoscari
7761,Nascente do Corrego dos Martins APP Trilha Araraqura/SP,1,RASTE OF THE CORREGO DOS MARTINS APP TRAIL ARARAQURA/SP
6811,Marina,1,Marina
7842,Tartarugas Marinhas,1,Sea turtles
7031,impedimento,1,impediment
7520,Histórico do projeto Blindwiki,1,Blindwiki Project History
6542,good coffee,1,good coffee
5484,zwiędłe kwiaty,1,willed flowers
6161,muretto in pietra d'istria,1,Istria stone wall
7696,garapa e lanches,1,Garapa and Snacks
6741,Petticoat lane,1,Petticoat lane
5437,W kierunku centrum,1,Towards the center
7425,Artista,1,Artist
5701,linee guida,1,guidelines
6460,campo da basket,1,basketball court
7620,sinalsonoro,1,Sinalonoro
6640,rusian,1,Russian
7159,Expedição,1,Expedition
5606,Przystań,1,Harbor
6301,dorsoduro,1,darsuoduro
7793,Museu de Arte Moderna da Bahia,1,Bahia Modern Art Museum
6847,viatges,1,trips
5847,Hare Krishna,1,Hare Krishna
7875,Festival de Outono,1,Autumn festival
7071,Árbol,1,Tree
5358,Portales,1,Portals
7359,Hospitalsanata Catarina avpaulista,1,Hospitalsanata Catarina avpaulista
6861,reparación,1,repair
7888,Mensaje Prats de Lluçanès,1,Message Meadows of Lluçanès
4949,En el eacc,1,In the EACC
5371,"Ein Spielplatz ist in der nähe
Die Sonne scheint
Am ende ist ein tunnel",1,"A playground is nearby
The sun is shining
In the end is a tunnel"
7370,Coco de pombo,1,Pombo coconut
7284,tenente Nascimento,1,Lieutenant Nascimento
6397,deposito,1,deposit
6585,serrature,1,locks
7739,Dublagem presencial,1,Face -to -face
6787,Beresti romania,1,Beresti Romania
7821,Comida Árabe,1,Arab food
4714,testando3,1,testing3
6511,Magazzino,1,Warehouse
7007,a bordo del Albert,1,aboard the Albert
6117,Architetture,1,Architecture
5285,Precaución mami,1,Mami Caution
7293,horta,1,horta
5093,MIDI,1,MIDI
6684,Muros,1,Walls
7215,Encontro,1,Meeting
6352,HessischerRundfunk,1,Hessischer Radio
5910,Antiquariato,1,Antiques
7924,Gchv,1,Gchv
7674,Sesc e Sorocaba,1,Sesc and Sorocaba
6719,Contenedores,1,Containers
5414,duze skrzyzowanie,1,A large intersection
7404,Clube homes,1,Homes Club
5669,Mappatura,1,Mapping
5218,blindenselbsthilfe,1,blind assistance
6436,cat,1,cat
7128,funciona,1,work
5580,Gwizdanie,1,Whistling
7772,Buraco,1,Hole
5817,Chiesa dei miracoli,1,Church of Miracles
7853,Natal,1,Natal
5326,tradicional,1,traditional
7335,Tobojapao,1,Tobojapao
7250,Acesso centro cultural metrô,1,Access Centro Cultural Metrô
6365,dolcezza,1,sweetness
5939,strada nuova,1,new road
7531,uma cidade mais acessível,1,A more affordable city
6553,ombrelloni,1,umbrellas
5495,uwaga,1,Attention
6176,Coffee breakfast bar,1,Coffee breakfast bar
7707,Casa  de cultura Rancho do Tropeiro Ernesto Vilela,1,Culture House Rancho do Tropeiro Ernesto Vilela
6754,Bühlstr & Humboldtallee traffic lights crossing Ampel Autos Fahrräder,1,Bühlstr & Humboldtallee Traffic Lights Crossing traffic lights car bicycles
5453,Szkolenie,1,Training
7436,Shopping center 3,1,Shopping center 3
5717,rioba,1,Rioba
6474,Stadio,1,Stadio
6968,chaflán,1,chamfer
6075,pipì,1,pee
7633,Teco fotografia,1,Teco Photography
7178,banana,1,banana
6314,santo stefano,1,Santo Stefano
7453,edifício do Gazeta,1,Gazeta Building
6486,Disturbo,1,I disturb
6985,pedazos,1,pieces
6091,oggetti,1,objects
5255,Fotocopias,1,Photocopies
7644,São Jorge,1,Saint Jorge
5069,Wurm,1,Wurm
6663,Fernsehen gucken,1,watch TV
7191,HIV,1,HIV
5631,bluszcz,1,ivy
6328,addedtag,1,addedtag
7816,Associação Baiana de imprensa. Salvador. Bahia.,1,Bahian Press Association. Savior. Bahia.
7901,Dársenas,1,Docks
7093,insidejob,1,insidejob
5382,Info generali,1,General info
7381,Esquemapreferido,1,Preferred scheme
5195,Öffentlicher Raum,1,Public space
6002,scultura tattile,1,tactile sculpture
7576,audiodescrição,1,audio description
6598,gioia,1,gioia
7102,25 novembre,1,November 25th
5557,Pakunek,1,Package
6238,madonna,1,madonna
7750,oftalmológico,1,ophthalmological
7832,Presidência,1,Presidency
4730,nuovo,1,new
6523,EditarTags,1,EditarTags
7021,Historia hospital antiguo,1,History Ancient Hospital
7307,Arte Tátil,1,Tactile art
8013,estació del tren,1,train station
6696,路況,1,路況
7228,Antigo Mappin,1,Old mappin
7510,aula online,1,online class
5472,Wodka,1,vodka
6146,visivo,1,visual
7685,Vlt,1,Vlt
6731,Aldgate underground,1,Aldgate underground
7415,Trianon,1,Trianon
5688,religione,1,religion
5232,Gaiteiro,1,Gaiteiro
6937,cara del moro,1,Dear Del Moro
6630,Ristoro,1,Refreshment
6289,Telefono,1,Telephone
7783,Zeca pagodinho rio de janeiro,1,Zeca Pagodinho Rio de Janeiro
6837,pescaderia,1,fish market
5830,Antony,1,Antony
7864,Dom Quixote,1,Don Quixote
4839,ferwharf,1,ferwharf
7347,Bolsas Japanhouse cultura,1,Japanhouse Culture Bags
5157,Seife,1,Soap
5952,Progetto blind.wiki,1,Blind.wiki project
7543,#praça Benedito Calixto,1,#Benedito Calixto Square
6564,Death in Venice,1,Death in Venice
7972,punt de decisió,1,point of decision
5506,Antoni,1,Antoni
6191,giardini viale panchine,1,Giardini Viale Benchine
7718,Jardim das Esculturas,1,Sculpture garden
7273,Falta de Acessibidade,1,Lack of accessibility
6387,copisteria,1,copyry
5966,Rialto mercato,1,Rialto Market
7554,SãoGonçalo,1,St.
6575,usato,1,used
7983,sons llunyans de cavalls,1,his distant horses
5521,Poczta na rynku,1,Mail on the market
6204,cestini,1,baskets
7729,Atualidade,1,Actuality
6776,y si,1,and if
7467,cozinheira,1,cook
5757,multietnicità,1,multi -ethnicity
6501,mulino Stucchi,1,Mulino Stucchi
6996,cruce con carril bicis,1,Cross with bike lane
5271,Iiaa,1,Ia
7655,blind.wiki,1,blind.wiki
6674,Caminos,1,Roads
7205,reclamar,1,complain
5642,plac Dominikański,1,Dominican Square
6888,trinquet pelaio,1,Pellaio ratchet
5895,passerelle,1,bridge
7912,Fira,1,Fira
6708,campus de cuenca,1,Cuenca Campus
7393,Brechobocapreta @bocapreta_,1,BRECHOBOCAPRETA @BOCAPRETA_
6423,Paintings,1,Paintings
6014,associazione,1,association
6609,Campiello mosca,1,Moscow Campiello
5570,Narodowe Forum Muzyki,1,National Forum of Music
6255,Barche acqua rumori forti,1,Water boats strong noises
6812,lloros,1,parrot
5805,percorsi tattili inaccessibili,1,Inaccessible tactile paths
6534,Barbiere,1,Barber
7032,urbanismo,1,urbanism
5128,performances,1,performances
7240,jovens,1,young people
5923,Corderie,1,Cordie
7521,projeto político,1,political project
6543,UdL,1,UdL
7951,vehicles,1,vehicles
5485,piękna zieleń,1,beautiful green
6162,carrers per tothom,1,streets for everyone
7697,Tenho interesse  em ser voluntária  no passeio no MAM,1,I am interested in volunteering on the ride at MAM
6742,Toynbee Hall,1,Toynbee Hall
5438,Dąb,1,Oak
7426,a Paulista é nossa,1,Paulista is ours
5704,pescado,1,fish
6461,scivolo,1,slide
6064,noia,1,novel
7621,atencao,1,attention
6641,pavilion,1,pavilion
5607,Most zakochanych,1,Bridge of lovers
6302,san barnaba,1,San Barnaba
7794,Cadevi,1,Cadevi
6850,Zona de juegos,1,Game zone
5848,danze,1,dances
7876,Mogi das cruzes,1,Mogi das Cruzes
7072,paraíso,1,paradise
5359,Obras finalizada,1,Finished works
7360,Painel hospitalsantacatarina avpaulista,1,Panel HospitalSantacatarina Avpaulista
5865,dialetto,1,dialect
7890,idílico,1,idyllic
7083,Churros,1,Churros
7371,guarda-chuva,1,umbrella
7285,Parte superior aberta,1,Upper open part
6398,Area,1,Area
5986,benvenuti,1,welcome
7565,Marechal Deodoro,1,Marshal Deodoro
6587,bicchieri,1,glasses
6225,tavoli esterni,1,External tables
7740,Samba de roda,1,Samba
6788,Inici,1,Start
5773,Piazza san marco,1,Piazza San Marco
7822,Esfirras,1,Spill
6512,San Basilio,1,San Basilio
6118,Locanda Fiore,1,Locanda Fiore
5286,Zona verde,1,Green zone
8003,cuatre,1,four
5095,Klanginstallation,1,Klang installation
6353,HR,1,HR
7925,uvhv,1,UVHV
7675,Beleza,1,Beauty
5005,máquina expendedora,1,Expendors
6720,Tecturas,1,Tecturas
5415,Wąski chodnik,1,Narrow pavement
7405,shopingCidadeSaoPaulo,1,shoppingCidadeSaoPaulo
5674,mapatactil,1,mapatactil
5219,Beratung,1,Advice
6437,Bow,1,Bow
6926,cítricos,1,citrus
6031,iscrizione,1,registration
6620,pedres,1,stones
7129,que,1,what
5581,poezja,1,poetry
6273,sede di ca' foscari,1,headquarters of Ca 'Foscari
7773,Praça  da Sé,1,Sé Square
6823,Les arenas,1,Les Arenas
5818,Borse,1,Bags
7854,vinhos,1,wines
4823,exercise,1,exercise
7045,Colegio de escolapios segunda parte,1,SCIOLAPIOS SECOND PART
5328,Plataformas,1,Platforms
7336,Jh,1,Jh
7251,Sensaçoes,1,Sensation
7532,acidentes,1,accidental
6554,Money,1,Money
7962,bonito,1,bonito
5496,brak biedy,1,lack of poverty
6178,university,1,university
7708,Parque da Cidade,1,City park
6755,Crossing cars bikes pedestrians traffic lights,1,Crossing cars bikes pedestrians traffic lights
7437,Elogios,1,Compliments
5719,Dromedario,1,Dromedary
6475,Superfici,1,Surfaces
6969,Conversaciones,1,Conversations
6078,sedie,1,seats
6652,Ambientr sonoro,1,Sonorous Ambient
7179,frutas,1,fruits
6766,路况不好,1,The road conditions are not good
4670,Natale,1,Natale
6487,agevolazioni,1,concessions
6986,trozos,1,pieces
6092,abbandonati,1,abandoned
7645,blindwiky,1,blindwiky
6664,Prueba 1,1,Test 1
7192,prevenção,1,prevention
5632,Dab wolnosci,1,Dab freedom
6330,Spazio verde,1,Green space
7818,#karaokê #bar #metrocarrao,1,#karaoke #bar #Metrocarrao
7902,Salida metro,1,Metro departure
4965,recinto de ferias,1,Fairs
7094,corrupt,1,corrupt
7382,Colégio Rodrigues Alves,1,RODRIGUES ALVES COLLEGE
5197,Anezettelt,1,Anzettelt
6412,TreOci ,1,Three
6003,odore di fritto,1,fried smell
7577,calçadas,1,sidewalks
6599,doposcuola,1,aftermath
7103,giornata internazionale contro la violenza sulle donne,1,International day against violence against women
5558,ziemią a drzewem,1,Earth and a tree
6239,altarino,1,altar
6801,Atardecer,1,Sunset
5790,organo,1,organo
7833,Ovelhas,1,Sheep
6524,Currywurst,1,Currywurst
7022,Primera,1,First
6132,multidirezionalità,1,multidirectionality
5305,línea 5,1,Line 5
7308,deficiência visual,1,visual impairment
8014,infants,1,infants
6697,停車場，出入口,1,停車場，出入口
7230,Praça das Artes,1,Arts Square
7511,pedagogia,1,pedagogy
5473,Jas i Malgosia,1,According to the Malgosia
6147,in viaggio,1,traveling
7686,rj,1,rj
6732,Minorías EC3,1,EC3 minorities
5427,Zamieszkuje Iza Dawidowicz,1,Iza Dawidowicz lives
7416,Museu masp,1,MASP Museum
5691,seconda guerra mondiale,1,Second World War
6448,distanza,1,distance
6938,pòrticos,1,gateway
7144,Trabalho,1,Work
5593,Galeria Dominikanska,1,Galeria Dominican
6290,telefono pubblico,1,public phone
7784,parque disposições,1,Park Provision
6838,Agradable,1,Pleasant
5832,Leggenda,1,Legend
7865,Doces,1,Candy
4840,helpful staff,1,helpful staff
7062,barcos,1,boat
7262,caminho,1,path
6377,Crocefisso,1,Crucifix
5953,Laguna sud,1,Laguna Sud
7544,Aprendizado diversão,1,Fun learning
6565,Fermate autobus,1,Bus stops
7973,inici del segon tram,1,Start of the second section
5507,Harmonijka,1,Harmonica
6192,orari,1,timetable
7719,Parque Ibirapuera,1,Ibirapuera Park
5172,nervig,1,annoying
6388,aule,1,classroom
7555,Caminhada,1,Walk
6576,antiquario,1,antique dealer
7984,neu verge,1,Error 500 (Server Error)!!1500.That’s an error.There was an error. Please try again later.That’s all we know.
5524,Przychodnia PCZ Sienkiewicza58,1,PCZ Sienkiewicza's clinic58
6205,Cane,1,Cane
7730,Cinthia,1,Cinthia
6777,Testeando,1,Testing
7468,incrível,1,incredible
5758,Pianoforte,1,Pianoforte
6502,Distributore,1,Distributor
6997,carriles de coches,1,Carriles
5273,IIT,1,IIT
6675,carreteras,1,roads
7206,solicitar,1,request
5643,kościół św. Wojciecha,1,St. Wojciech
7477,cheirinho,1,smell
5896,Foto,1,Photo
7913,Reina,1,Reina
6709,casa del estudiante,1,Student House
5397,Fermata Giardini,1,Giardini stop
7394,Curta a paulista,1,Like Paulista
5209,Hohenschönhausen,1,Hohenschönhausen
6015,uici,1,Uici
7589,Várzea do Carmo ubs,1,Várzea do Carmo UBS
6610,erba,1,four
5571,Muzeun,1,MUSEUM
6257,pozzo al centro,1,well in the center
7763,Universidade israelita,1,Israelite University
7844,São Sebastião,1,São Sebastião
4811,Indian restaurant,1,Indian restaurant
6535,fast food,1,fast food
7033,maraña,1,tangle
5316,Lousas,1,Lousas
5129,pedestrian crossings,1,pedestrian crossings
7241,@ Pico,1,@ Pico
7522,dar voz,1,Give voice
6544,attraversamento,1,crossing
7952,possible perill,1,possible danger
5486,Łucznicy,1,Archers
6165,basilica frari,1,Basilica Frari
7698,GOSTARIA DE PARTICIPAR COMO VOLUNTARIA NO PASSEIO DO MAN.,1,I would like to participate as a volunteer on the Man tour.
6743,More London,1,More London
5439,Laka,1,Laka Laka
7427,Lanchonete,1,Cafeteria
5248,Oficina tráfico,1,Trafficking Workshop
6462,altalena,1,swing
6951,mercat central,1,central
6065,attese,1,expected
7623,Terminal barra funda,1,Barra Funda Terminal
6642,safety,1,safety
7162,Hashtag vila Clementino hashtag feira baratos,1,Hashtag Vila Clementino Hashtag Cheap Fair
5608,Centrum wolontariatu,1,Volunteer Center
6304,verde,1,verde
7795,Flores,1,Flores
6851,DrLluch,1,Drill
5849,Gressan,1,Skessing
7877,museu da imigração,1,Immigration Museum
7361,Escolarodriguesalves arquitetura,1,SchoolDriguesalves Architecture
6318,conservatorio,1,conservatory
7807,ongtemsentimento,1,ongtemsentimento
7892,De bon matí,1,Good morning
4952,cosas,1,things
7084,Botánico primera parte,1,Botanical first part
5373,Hier ist es sehr schön im Timmendorfer Strand,1,Here it is very nice in the Timmendorfer beach
7372,hostipal Santa Catarina,1,Hostipal Santa Catarina
5185,Bakery,1,Bakery
7286,Jardim,1,Garden
6400,vie alternative,1,vie alternative
5987,Porta arsenale,1,Arsenal door
7566,banco Bradesco,1,Banco Bradesco
6588,aperitivi,1,aperitifs
5542,woda,1,water
6227,serre,1,tight
7741,Santo Amaro,1,Holy Amaro
6790,las naves,1,The ships
5774,tristezza,1,sadness
7823,Rhizomatiks,1,Rhizomatic
7295,voluntario,1,voluntary
5096,Treppenhaus,1,Staircase
6686,Sonoro plantas,1,Sound plants
7218,#v,1,#v
7926,Hbhb,1,Hbhb
7676,Senhor do Bonfim,1,Bonfim Lord
5006,largo,1,largo
5416,Udźwiękowione przejście dla pieszych,1,Pedestrian swallowed crossing
7406,Senaipaulista,1,SenaPaul
5675,wayfindin,1,wayfindin
6438,Venice,1,Venice
6927,jardín botáncio,1,Garden Botáncio
6032,chiesa dei frari,1,Church of the Frari
7600,Museu da Inclusão,1,Inclusion Museum
6621,eeuu>Israel,1,USA> Israel
5582,spotkania autorskie,1,Author's meetings
6274,liceo classico,1,classic high school
7774,Faculdade de comunicação,1,Faculty of Communication
6824,Cuba,1,Cuba
5819,cuoio,1,leather
7855,queijos,1,cheese
4824,Irish pub,1,Irish pub
7047,palmera antigua,1,Ancient palm
7337,Exposição!,1,Exhibition!
7252,dejetos,1,waste
7533,ação cidadão,1,citizen action
6555,Sentiero,1,Path
7963,feo,1,feo
5497,trawnik,1,lawn
6181,song,1,song
7709,Banhado de SJCampos,1,SJCAMPOS
6756,Rumor,1,Rumor
7438,Instagram @blindwikibr,1,Instagram @blimbwikibr
5721,Casa del Tintoretto,1,Tintoretto house
6476,Hotel San Elena,1,Hotel San Elena
6971,Casita verde,1,Green house
7635,Expectativas,1,Expectations
6767,路况好转,1,Road conditions improve
7456,prédio da FIESP,1,FIESP building
6488,chiaro di luna,1,moonlight
6987,El capítulet,1,Capitulet
6094,ombra,1,shadow
5257,servicios alumnado,1,Student services
7646,Portao de Ferro,1,Iron gate
5071,geheim,1,secret
6665,taller con antoni abad,1,taller con antoni abad
7193,auto teste,1,car skulls
7819,karaokê,1,karaoke
7903,sin escaleras,1,No stairs
7095,lies,1,lies
5384,Fitness,1,Fitness
7383,Regina,1,Regina
5198,Strandbad Mitte,1,Center
6414,Piscina sacca fisola,1,Pool pool physola
6004,bambino urlante,1,screaming child
7578,Shows,1,Shows
6600,"Piove 
Pluja 
Humitat",1,"Piove 
Rain 
Humidity"
7104,concerto delle scuole medie di Urbino,1,concert of the middle schools of Urbino
5559,Lodz,1,Lodz
6241,muro mattoni,1,brick wall
7752,Municipal,1,Municipal
7834,Alimentos orgânicos,1,Organic foods
6525,Pikant,1,Spicy
7023,origin tvirgen Desamparados,1,ORIGIN TVIRGEN FURDERED
5306,Igrexas,1,Church
7309,Carlos # onibus,1,Carlos # bus
8015,lleure,1,leisure
6698,Chicos conversando,1,Guys talking
7231,Fachada tátil,1,Tactile
7512,vacinação,1,vaccination
7942,descans,1,break
5475,Pasaż pod błękitnym słońcem,1,Passage under the blue sun
7687,Avenida Paulista 200,1,Avenida Paulista 200
5024,mucho frío,1,Very cold
6733,Tower Gateway DLR Station,1,Tower Gateway DLR Station
7417,Parque trianon,1,Trianon Park
5693,Sfollati di Pola,1,Displaced by Pula
6940,animación,1,animación
7611,baixa visão,1,low vision
7146,Centro Universitário Facens,1,FACENS CENTER CENTER
6291,tasti,1,keys
7785,espaço para shows,1,space for shows
6839,sensaciones,1,Sensations
5833,leggenda veneziana,1,Venetian legend
4841,walking exercise,1,walking exercise
7063,patrimonio,1,heritage
7349,Leitura Braille,1,Braille Reading
5160,ruhig,1,quiet
7263,dificuldade,1,difficulty
5955,Cantiere,1,Worksite
7545,Acesso,1,Access
6566,Paesaggio,1,Landscape
7974,perill el primer tram,1,Danger the first section
5508,cichy lowca,1,quiet
7720,Carrancas,1,Mock
5362,Plazos discapacitados,1,Disabled deadlines
7362,Santa Catarina,1,Santa Catarina
7275,Piso tatil lado direito,1,Right side floor
6389,Carceri,1,Prison
7556,São Gonçalo,1,São Gonçalo
6577,spese,1,expenses
7985,Porté-Puymorens,1,Porté-Puymorens
5525,Taxi,1,Taxi
7469,caminhões,1,trucks
4701,liceo,1,Lyceum
6503,nave da crociera,1,cruise ship
6998,cruce con carril bici,1,Bike lane cross
6106,estintore,1,Fire extinguisher
5274,rampa con peligro,1,ramp with danger
5084,Tacheles,1,Tacheles
7207,Supermecado,1,Supermade
7478,linha azul,1,blue line
5897,Bottega.forcole.remi#,1,Bottega.futcole.remi#
7914,bickcletes,1,bickcletes
4986,Terra,1,Terra
5401,pallone aerostatico,1,aerostatic ball
7395,aos domingos,1,on Sundays
5210,Jail,1,Jail
6426,terrace,1,terrace
6904,inicio de ruta,1,Route Start
7590,posto inss,1,INSS post
6611,piedra,1,piedra
7120,Bom dia,1,Good morning
5572,Restauracja jedzenie,1,Restaurant food
7764,Cinegrafista cega,1,Blind cameraman
5809,Santuario,1,Sanctuary
7845,Denúncia,1,Complaint
6536,affollato,1,crowded
7034,territorio abandonado,1,abandoned territory
5317,chan,1,chan
7325,parede,1,wall
5130,university campus,1,university campus
7523,pessoas com deficiência visual,1,people with visual impairment
7953,ferradura dels cavalls,1,horseshoe of the horses
5487,ukryte schody,1,hidden stairs
6166,campiello san Rocco pozzo fontana,1,Campiello San Rocco Pozzo Fontana
7699,pandeiro,1,tambourine
6745,hermitage,1,hermitage
5440,stadion,1,stadium
7428,Banana split,1,Banana split
5706,Ca' Dario,1,Ca 'dario
5251,Fochanca,1,Fochanca
1580,coco,1,coco
6463,panchina,1,bench
6066,Canti,1,Songs
7624,linha vermelha metro,1,Metro Red Line
5044,friendly staff,1,friendly staff
6643,trieste,1,trieste
7168,jardim_botânicoSP,1,garden_botanicap
6305,foglie,1,leaves
7796,Japão,1,Japan
6852,Restos,1,Remains
5853,Ferrovvia,1,Fierce
7878,imigração espanhola no Brasil,1,Spanish immigration in Brazil
7074,La muralla árabe,1,The Arab wall
6655,Concerto,1,Concerto
6319,Rio terà,1,Rio terà
7808,trans,1,trans
6864,Torrent,1,Torrent
5867,ambulanti,1,outpatient clinics
7085,Botánico,1,Botanical
5374,Italian,1,Italian
7373,Ragazzo cheiro coxinha avpaulista,1,Ragazzo smell avpaulista coxinha
5187,Balzer,1,Balzer
7287,Prédios,1,Buildings
6401,enoteche,1,wine bars
5988,suono campane,1,bell sound
7567,Meios de transporte,1,Means of transportation
6589,fritto di mare,1,fried seafood
5544,Valerian Dominikanska,1,Valerian Dominican
5778,Puro,1,Puro
7824,Gaita,1,Harb
6515,tester,1,tester
7010,tercera parte,1,third
6120,Carabinieri,1,Carabinieri
5291,Institutos,1,Institute
7296,adeveb,1,adeveb
8005,flora,1,flora
6688,rejas,1,bars
5662,Edifici històric,1,Historic
6355,veneziani,1,Venetians
7496,prefeitura de santo André,1,Santo André City Hall
7927,hhbb,1,hhbb
5007,muchos metros,1,Many meters
6722,Farola,1,Bola
7407,Rock in roll,1,Rock in roll
5678,Passerelle a caso,1,Random catwalks
6439,Aperitivo,1,Aperitif
6036,San tomà,1,San Tomà
7601,estação Barra Funda,1,Barra Funda Station
6622,bookshop,1,bookshop
7131,U,1,U
5583,Frytki,1,Fries
6275,Ca' rezzonico,1,Ca 'Rezzonico
7775,Universidade Federal da Bahia,1,Federal University of Bahia
6825,A la fresca,1,To the fresh
5820,Provare,1,Try
7856,mariafumaca,1,Mariafuma
7049,cúpula del museo,1,Museum dome
5330,hostal,1,inn
7338,maquete,1,model
5146,Denke mal,1,Think of
7253,Amora,1,Blackberry
6368,paese,1,village
5943,Frenesia,1,Frenzy
7534,Wiki: rede colaborativa,1,Wiki: Collaborative Network
6556,Blue moon,1,Blue moon
7964,rural,1,rural
5498,rośliny,1,plants
6182,nothing special,1,nothing special
7710,Canal motoboy,1,Motoboy channel
6757,Мы находимся так было тоже самое набирай раз-два-три раз-два-три,1,"We are like that, dial the same one, one or two or two-two"
7439,Ims,1,Ims
5724,porticato,1,porch
4267,Android 2 punto 3 punto sei,1,Android 2 point 3 point you are
6478,dormiente,1,sleeping
6972,pequeña,1,small
6080,Direzioni,1,Directions
7721,Amilcar de Castro,1,Amilcar de Castro
6768,嗯这有一个自行车,1,"Yes, there's a bicycle"
7457,ação saúde,1,health action
6988,En el moving Jardín es,1,In the garden Mounting it is
5258,Obras,1,Works
7647,Sorocabana,1,Sorocabana
7196,hashtag São Paulo,1,hashtag sao paulo
5634,Kamiennogórska,1,Kamienna Góra
7820,metrôcarrão,1,subway
6877,obrador,1,Obrador
7904,arc teriomph,1,arc teriomph
7656,Estação Ferroviária Sorocabana,1,Sorocabana Railway Station
7096,Statie ratb 104,1,RATB station 104
5385,Recomendado para visitar,1,Recommended to visit
7384,Sertanejo som cultura,1,Sertanejo Som Cultura
5199,Springbrunnen,1,fountain
6415,Prato,1,Prato
6889,Helat,1,Fittings
6005,prima mappatura campo santa margherita,1,First mapping Campo Santa Margherita
7579,apresentações,1,presentations
6601,Espositori mobili,1,Mobile exhibitors
7105,TalkBack,1,TalkBack
5560,drobiowa watrobka,1,poultry watrobka
6245,creazioni,1,creations
7753,do,1,do
6803,patinaje,1,skating
5794,corde,1,rope
7835,Tapioca,1,Tapioca
6526,Pinacoteca Ravenna,1,Pinacoteca Ravenna
6134,barriere,1,barriers
5307,Precaución porque te puedes pegar un castañazo,1,Caution because you can hit a castañazo
8016,Tàrrega,1,TARUAGUE
5113,Flohmarkt,1,Flea market
6699,Sonoro albañiles demoliendo,1,Sound mason demolish
7232,O crime da mala,1,The crime of the suitcase
7513,prefeito,1,mayor
6149,studio di tatuaggi,1,tattoo study
7688,Luce-Prima,1,Light-prose
6734,Tower Gateway underground,1,Tower Gateway underground
5429,Gródek,1,Stronghold
7418,Mequi1000,1,Mequi1000
5694,caserma,1,barracks
5235,Holaaa a todos,1,Hello to all
6450,Bar carizzi,1,Car carice
6941,alerta,1,alert
6053,curve,1,curve
6633,comunicato stampa,1,press release
6292,anni 90,1,90s
7786,vilaitororo,1,Vihakoro
6840,Salazones,1,SALAZONES
5834,venezia oscura,1,Venice dark
7868,Cultura accesible,1,Accessible culture
4842,fantastic pub food,1,fantastic pub food
7064,paseantes,1,Walkers
5344,Claustro,1,Cloister
7264,4 patas pelo mundo,1,4 legs around the world
6379,vino,1,vino
7546,Entrada laramara,1,Laramara entrance
6567,rumore,1,noise
7975,Sèquia,1,Drain
5509,pomost,1,bridge
6194,Vedute,1,Views
5364,Aldeas,1,Villages
7363,Itaú cultural,1,Itaú Cultural
7276,pátio aberto,1,open courtyard
7557,Educação Física,1,Physical education
6578,compere,1,shopping
7986,Tag1,1,Tag1
7732,projeto no Brasil,1,Project in Brazil
6779,hogar,1,home
7470,passarinhos,1,birds
6999,y carriles de coches,1,and cars lanes
6107,riflessi,1,reflexes
5276,CACTUS,1,CACTUS
6677,socavones,1,SOCAVONES
5645,Tag inicial,1,Initial tag
7667,covardia,1,cowardice
6711,hierro,1,hierro
7396,Musicanapaulista country,1,Musicanapaulista country
5211,blind guided tour,1,blind guided tour
6427,leone,1,leone
6906,edificios,1,buildings
6020,pasticcerie,1,pastry shops
7591,Casa até laramara,1,House to Laramara
6612,pasos,1,steps
7121,Come,1,Come
5573,Dworzec Główny PKP,1,PKP Main Station
6260,merci,1,merci
7765,documentário Blind Wiki,1,Blind Wiki Documentary
6815,Banderes,1,Flags
5810,tazzine,1,cups
7846,Caraguatatuba,1,Caraguatatuba
4813,Garden pub,1,Garden pub
6537,Svincolo,1,Junction
7035,Murales,1,Murals
5318,esvarar,1,gap
7326,vidro,1,glass
5131,audio guides,1,audio guides
6546,Sala,1,Sala
5488,Turystyka,1,Tourism
6167,Stazione biglietteria,1,Ticket office
7700,instrumentos musicais,1,musical instruments
6746,lectures,1,lectures
5443,hałas,1,noise
7429,Condomínio nacional,1,National condominium
5708,poeti,1,poets
6067,gruppo,1,group
7625,linhas ferrias,1,ferry lines
5045,elevator,1,elevator
6644,"Carrer ample 
Soroll 
Vent",1,"Wide street 
Noise 
Wind"
5611,Kantor,1,Kantor
6306,San Geremia,1,San Geremia
7797,centroculturalvergueiro,1,CentroculturalVergueiro
6853,Polideportivo,1,Polydportive
7879,Centro para Aline 2023,1,Center to Aline 2023
4868,antest,1,early
7075,la muralla cristiana,1,The Christian wall
5060,Ferry,1,Ferry
6656,cicale,1,cicadal
7184,experiência sensorial,1,sensory experience
6320,ramo,1,branch
7809,temsentimento,1,has
6866,visita guiada,1,guided tour
5868,Area di sosta,1,Parking area
7894,campana,1,campana
7086,Jardín botánico tercera parte,1,Botanical Garden Third Part
5375,Das befindet sich auf dem Lande in Extertal,1,This is located in the country in Extertal
7374,Moradores de rua,1,Homeless
7288,hospitais,1,hospitals
6402,pontile,1,pier
5989,sculture in rilievo,1,Sculptures in relief
7568,Pessoas com dependência química,1,People with chemical dependence
6590,stuzzichini,1,moths
5546,dzieci,1,kids
6229,balaustra,1,balustrade
7743,sorocabablindwiki,1,sorocabablindwiki
5779,peste,1,fish
7825,mato,1,mato
6516,prova2,1,prova2
7012,golosinas,1,candies
5294,Kioscos,1,Kiosks
7297,além do limite,1,beyond the limit
8006,Toulouse,1,Toulouse
5098,meeting,1,meeting
5663,Presentació,1,Presentation
6356,Garibaldi,1,Garibaldi
7928,hhbbhnn,1,Hhbbnn
7678,Brasil restaurante,1,Brazil Restaurant
5008,corte ingles,1,English Court
6723,Reciclwta,1,Recyclwta
7408,Edifício gazeta,1,Gazeta Building
5680,Pescivendolo,1,Fishmonger
5222,First,1,First
6440,feast,1,feast
6930,tórtolas,1,Ortolas
6037,percorso pedotattile,1,pedal route
6623,gadget,1,gadget
7132,altre,1,other
5584,Seks,1,Six
7776,jornalismo,1,journalism
5821,Impressioni,1,Impressions
7857,tremavapor,1,tremavapor
4827,inconveniences,1,inconveniences
7051,cauce del río,1,riverbed
5331,con cello,1,with Cello
7340,Casa das rosas,1,Rose house
5147,Tiergarten,1,Zoo
5944,accenti,1,accents
7535,rota06,1,rota06
6557,bagno,1,bath
5499,Plac zabw,1,Zabw Square
6183,but good,1,but good
7711,neka,1,some
6758,Qwe,1,Qwe
5458,Pregież rynek Wrocław,1,Pongeż Rynek Wrocław
7440,Antonio Machado,1,Antonio Machado
6479,attracco,1,docking
6973,reformas,1,renovations
6083,san pantalon,1,where is pants
7637,contemporânea,1,contemporary
7976,dificultats per caminar,1,Difficulties in walking
5510,nie kąpiemy się,1,do not bathe
7722,Teco Barbero,1,Teco Barbero
4674,studio,1,studio
6491,spazi,1,space
6989,Capilla del Capitulet,1,Capillat chapel
6096,Cestino,1,Basket
5260,Semáforos no sonoros,1,Not loud traffic lights
7648,italy,1,italy
5635,Pasy,1,Belts
6333,confine,1,confine
6878,coca de llanda,1,tire cake
7657,chame francês,1,french
5386,Alilaguna,1,Alilaguna
7385,Lanchonete garoa Paulista,1,Lanchonete Couroa Paulista
5200,französische Botschaft,1,French message
6416,Prat,1,Prat
6891,veins,1,veins
6006,Campanella,1,Campanella
7580,Uni,1,Uni
6602,jw.org,1,jw.org
5563,Sat,1,Sat
6246,umano,1,Although
6805,banda,1,banda
5796,bagni publici,1,Public Baths
7836,Mimoo,1,Mimoo
6527,Tolentini,1,Tolentini
6135,Banche,1,Banks
5308,Colegio,1,School
7312,orquestra,1,orchestra
8017,Urgell,1,Urgell
6700,Casa azul,1,Blue house
7233,PASSEIO NO CENTRO,1,Ride in the center
7944,Cant dels ocells,1,Song of the birds
5478,Kino helios,1,Kino helios
6150,ronzio,1,buzz
7689,luceprima,1,Luceprima
6735,Great Tower Street,1,Great Tower Street
5430,Szukamy internetu,1,We are looking for the Internet
7419,Máqui 1000,1,MAKE 1000
6453,acessibilita,1,accessible
6942,sillas,1,chairs
6054,Trave sollevata,1,Raised beam
7613,Pavilhão da Criatividade,1,Creativity Pavilion
6634,juan calzadilla,1,Juan Calzadilla
7150,não tem,1,it does not have
5596,rurki,1,tubes
6293,Toletta,1,Toilet
7787,nascente,1,source
6841,amplitud,1,amplitude
5835,Serenissima,1,Serenissima
4843,exercisey,1,exercisey
7065,asociaciones,1,associations
5345,Acceso minusvalidos,1,Disabilities access
7351,Centro Cultural Itaú,1,Itaú Cultural Center
5162,Verschwörungstheorie,1,Conspiracy theory
7265,blog,1,blog
6380,dentista,1,dentist
5957,Cantieri,1,Construction sites
7547,Semáforo,1,Traffic light
6568,onde,1,where
7076,colegio escolapios,1,Escolapios College
7277,Abuso,1,Abuse
6391,vertigini,1,dizziness
7558,farol sonoro,1,beacon
6579,fisarmonica,1,accordion
7987,Me gusta el peperoni,1,I LIKE THE PEPERONI
5528,kolejka,1,queue
6780,València,1,Valencia
7471,vale a pena,1,it is worth it
7000,semáforo mal ubicado,1,bad traffic light located
6108,Multi direzionali,1,Multiplication
5277,TYC,1,TYC
5086,squat,1,squat
5899,station full people but all the directions in order,1,station full people but all the directions in order
7916,Parc ibfantil,1,Parc ibfantil
4991,Relax sin coffee,1,Relax sin coffee
6712,Ayuntamiento,1,City hall
7398,Museu liceo pasteur,1,Pasteur Liceo Museum
5212,Hallo hier ist Helmut. Ich mache meinen ersten Test,1,Hello here is Helmut. I do my first test
6430,Boat,1,Boat
6907,gentrificación,1,Gentrification
6021,Parapetto,1,Parapet
7592,Casas antigas,1,Ancient houses
6613,pavellonestadosunidos,1,Pavellonestadosunidos
7122,todo,1,all
5574,Dworzec PKS tymczasowy,1,PKS STOPE STOP
6261,cancello,1,gate
7766,Entone Abad,1,Entone Abad
6816,Assaig,1,Essay
5811,campanello,1,doorbell
7847,Antiestresse,1,Anti -stress
4814,outdoors,1,outdoors
6538,stucchi,1,stuccos
7036,casas,1,casas
7327,Paredesopticas,1,Wall
5132,Seitenstraße,1,Side street
5928,cautelat,1,cautelat
7525,Oque postar,1,What to post
6547,Attraversamenti,1,Crossings
7955,pedra i fusta,1,stone and wood
5489,"Wyjście
do",1,"Exit
down"
6169,Palazzo Mocenigo,1,Mocenigo Palace
7701,Rota_centro_SJCampos/SP,1,Rota_Centro_sjcampos/SP
5444,duży ruch,1,heavy traffic
7430,casa cor 35 anos,1,House Color 35 years
5709,Punta Dogana,1,Punta Dogana
6467,militari,1,military
6957,Atarazanas,1,Atarazanas
7627,Galetia 2001,1,Galatians 2001
5047,relaxing atmosphere,1,relaxing atmosphere
6645,Carrer ample,1,Wide street
7171,Diversão,1,Fun
5612,tanio,1,cheaply
6307,Skyline,1,Skyline
7798,auladeforró,1,Auladeforó
6854,femenino,1,female
7880,centroparalímpicobrasileiro,1,CentroParalímpicobrasileiro
5061,TU Berlin,1,You berlin
6657,nit,1,nit
7185,Jô Soares,1,Jô Soares
5624,kamien,1,stove
6321,Periferia,1,Outskirts
7810,santacecilia,1,santacecilia
6867,historia de Valencia,1,Valencia History
5869,San Giacometo,1,San Giacomo
7895,altavoces,1,speakers
4957,nubes,1,clouds
7087,Centro comercial,1,Mall
7375,Bordados,1,Embroidery
7289,Solarium,1,Solarium
5992,chiesa santissimo redentoregondola col tetto,1,Holy Church that is Redentoregondola with the roof
7569,supermercado J. jota,1,Supermarket J. Jota
6591,cioccolata,1,chocolate
5547,gołębie,1,squab
6230,Farmacie,1,Pharmacy
7744,artecontemporanea,1,artecontemporanea
6793,Diálogo,1,Dialogue
5780,tabaco,1,tobacco
7826,Rua F,1,Rua F
6517,disaster2,1,disaster2
7013,compras,1,shopping
6123,Telefoni,1,Telephone
7298,um outro olhar,1,Another look
8007,nom dels carrers,1,Name of streets
5099,supermarket,1,supermarket
6690,Sonoro candado,1,Sound lock
7221,Ladeira da memória,1,Memory Ladeira
5664,quickoff,1,quickoff
6357,tartarughe,1,turtles
7499,lorem ipsum,1,Lorem very
7929,hhhv,1,HHHV
7679,casa rosada,1,Casa Rosada
5009,parque ribalta,1,Ribalta Park
5223,i m on Market Square,1,i m on Market Square
6441,plague,1,plague
7603,Altar dos mortos,1,Altar of the dead
6624,disabili,1,disabled
7133,dim,1,dim
5585,rozrywka,1,entertainment
6279,Cicchetti,1,Cicchetti
7777,produção cultural,1,cultural production
6829,cauce,1,channel
5822,Salmastro,1,Brackish
7858,mundogelado,1,Mundogelado
7054,Parque central,1,Park
7341,Janela de vidro,1,Glass window
7255,androides,1,Androids
6370,hangdrum,1,Hangdrum
7536,unteste,1,Uns
6558,tribune,1,tribune
7966,tram tranquil,1,Trap cal
5500,Stachu kontener dom,1,Stachu container house
6184,car,1,car
6759,Fondazione Benetton,1,Benetton Foundation
5460,Teraz szkoła proza szkolenie super,1,Now school prose training great
7441,Amigos pra valer,1,Friends for Valer
5726,P,1,P
6480,first aid,1,first aid
6975,Casa verde,1,Green house
6084,porte,1,porte
6569,Acquazzone,1,Downpour
7977,Soroll d’aigua,1,Noise
5511,Grajek,1,Gags
7723,Fotógrafo,1,Photographer
6770,Test01,1,Test01
6492,Animali notturni,1,Night animals
6990,Iglesia de Santa Lucía,1,Santa Lucia church
6097,lampione,1,lamp
5262,Civus,1,Civus
7649,Porgaoddferro,1,Porgaoddferro
6668,Sonidos ambiente,1,Ambient sounds
5636,dobiegniew,1,Dobiegniew
6334,pittoresco,1,picturesque
6880,Teatre el Musical,1,Theater the musical
7906,Parque de la citadella,1,Citadella Park
7658,piso tatil não tem,1,Tatile floor does not have
4971,Ayuda,1,Aid
7386,Pospandemianapaulista,1,Drowsyanapaulist
5201,Pariser Platz,1,Pariser Platz
6417,Prado,1,Prado
6892,Veins associacio,1,Winds association
6007,duomo,1,duomo
7581,guarulhos,1,guarulhos
7111,Afragola,1,Afragola
5564,Winda,1,Loss
7756,Ecologica,1,Ecological
6806,Cante,1,Sing
5797,follia,1,follia
7837,Grátis,1,Free
7026,puente,1,puente
6136,Moli,1,Orange
5116,Holz,1,Holz
6701,paredes,1,paredes
7234,SEsc 24,1,SESC 24
5911,terrazze,1,terraces
7515,jantar,1,to have lunch
7945,ruta,1,ruta
5479,Chatka na jatkach,1,Chatka on Jatki
6151,macchinetta,1,machine
7691,Hebraica,1,Hebrew
6736,Monument underground station,1,Monument underground station
5432,Muchomory,1,Muchomory
6454,svago,1,leisure
6943,mesas,1,mesas
6056,Bracarizi,1,Bracariaci
7614,to fazendo falta,1,I'm missing
6635,disegni,1,drawings
7153,ajudantes,1,assistant
5597,lodziarnia,1,ice cream parlor
6296,dolci,1,sweets
7788,literatura,1,literature
6842,Chistes,1,Jokes
5837,conzafelsi,1,Conzafelsi
7870,derechos,1,rights
4844,laundromat,1,laundromat
7066,aglomeración,1,agglomeration
7353,Saudejapanhouse madeira,1,Healthy
5163,Friedenslauf,1,Peace run
7266,viagens,1,trips
6381,collegio,1,college
5958,Varo,1,Precautionary
7548,Trajeto metrô Marechal,1,Marshal Metro route
4870,me non sa,1,I don't know
5366,dies ist ein Test Günny du befindest dich bei uns,1,This is a test Günny you are with us
7365,Músicas avpaulista somdapaulista,1,Songs Avpaulista Somdapaulist
5176,Raben,1,Rab
6392,Bimari,1,Bimari
5976,colombi,1,Colombi
7559,Pisotático,1,Stomped
6580,Posacenere,1,Ashtray
5529,zagadka,1,riddle
6781,ciudad,1,ciudad
7472,memória,1,memory
6506,Waterford Ireland River,1,Waterford Ireland River
7001,accesibilidad parada de autobuses múltiple 10 autobuses paran aquí,1,Multiple bus stop accessibility 10 buses stop here
6110,san agostin,1,san agostin
5278,Imprenta,1,Printing
6679,reverberación,1,reverberation
5647,nuvol,1,cloud
6347,Fontadamenta,1,Fountain
7482,galera,1,crowd
7917,Paissatge sobir,1,Sovereign landscape
4992,chica grey,1,chica grey
6713,Aguas,1,Aguas
5404,Halo,1,Halo
7399,Super heróis,1,Super Heroes
5213,"da ich mit dieser App nicht viel anfangen kann probiere ich es einfach aus. Hier mein Test.
Helmut",1,"Since I can't do much with this app, I just try it out. Here is my test.
Helmut"
6431,sound,1,sound
6908,Contrabando,1,Smuggling
6022,Fiori,1,Fiori
7593,região da Barra funda,1,Barra Funda Region
6614,Padiglionebelgio,1,Pavilionabelgio
7123,tot bé?,1,All right?
5575,Zakład Wodociągów Nowa-Ruda,1,Zakład Wodociągów Nowa-Ruda
6264,pranzo,1,lunch
6817,glorieta,1,roundabout
5812,giocattolo,1,toy
7848,Segurança,1,Security
6539,affreschi,1,frescoes
7037,Lanzadora,1,Pitcher
7328,_optical walls,1,_optical walls
7245,obra acessível,1,accessible work
7526,talentos artísticos,1,Artistic talents
6548,percorsi podotattili,1,podotactic paths
5490,brak przejscia,1,no transition
6170,basilica,1,basilica
7702,Eugenio de Melo,1,Eugenio de Melo
5445,skrzyżowanie,1,intersection
7431,Sertanejonapaulista dança,1,Sertanejonapaulist dance
5710,paesaggi,1,landscapes
6468,erba alta,1,tall grass
6958,exposición,1,exhibition
6070,ferro,1,ferro
7628,presente de Deus Casa de Repouso nosso lar,1,GOD OF GOD NOSS HOUSE OUR HOME
5048,BB,1,BB
6646,obres,1,works
5613,restauracja,1,restaurant
6309,donne,1,donne
7799,Romeu temdeviver,1,Romeu Temdeviver
6855,entrenamiento,1,training
5857,carrello,1,cart
7881,cpb,1,cpb
6658,Free Wi Fi,1,Free Wi Fi
7186,humorista,1,humorist
5625,cumowanie,1,mooring
7811,ong,1,ong
6868,Q1q,1,Q1q
5871,punto di interesse,1,point of interest
7896,Altavoz,1,Speaker
7088,compras navideñas,1,Christmas purchases
5377,Drogerie Markt,1,Drugstore market
7376,vozes,1,voices
5190,play ground,1,play ground
7290,piquenique,1,picnic
6404,Mestre,1,Teacher
5995,gondola col tetto,1,Gondola with roof
7570,Padaria Iracema,1,Iracema bakery
6592,frittelle,1,frillets
7097,Atardecer en Av peru,1,Atardecer one of Peru
6232,pericolo altezza,1,hazard
6794,La naves,1,The ships
7827,Manoel Antonio Puig,1,Manoel Antonio Puig
6518,testeig,1,test
7015,Lonja,1,Slice
7299,Mata atlântica,1,Atlantic Forest
8008,Diagonal,1,Diagonal
5100,sidewalk,1,sidewalk
6691,Aceras anchas,1,Wide sidewalks
7222,BIKE TOUR SP,1,BIKE TOUR SP
5666,capolinea 2,1,Capolinea 2
6358,Erba fresca,1,Fresh grass
7500,Subprefeitura Ipiranga,1,Ipiranga Subprefecture
7930,Ubb,1,Ubb
7680,Igreja do Bonfim,1,Bonfim Church
6725,Somos,1,We are
7410,Pisotatilruim acessibilidade alerta,1,Pisotylruim Accessibility Alert
5682,Gruppo anziani,1,Elderly group
6442,Palladio,1,Palladio
6040,biblioteca tolentini,1,Tolentini Library
7604,caveira símbolo de igualdade,1,Skull Symbol of Equality
6625,Sassi,1,Stones
7134,Ambient sonoro,1,Sound ambient
5586,Punkt spotkania,1,Meeting point
7778,oftalmologista,1,ophthalmologist
6831,susurros,1,whispers
7859,emocao,1,emocao
7055,aspecto general,1,general aspect
5335,Tabernas,1,Tavern
7256,modelos de celulares,1,Cell Phone Models
6371,musicisti,1,musicians
5946,Soffritto,1,Sauté
7537,Laraparque,1,Laraparque
6559,gradoni,1,steps
6185,radio,1,radio
7713,Rota cultural,1,Cultural route
6760,Museum,1,Museum
5461,Schody do nikad,1,Stairs to Nikad
7442,Deficientes visuais,1,Visually impaired
6481,Kit pronto soccorso,1,First Aid kit
6976,Museo Muving,1,Museo Muving
6570,temporale estivo,1,summer storm
5513,Cyganka,1,Cyganka
7461,frei caneca,1,Friar Mug
5746,Cassette postali,1,Mailboxes
6493,versi,1,version
6991,Palacio de la ceda,1,CEDA PALACE
6098,Percorsi,1,Paths
5264,matemáticas,1,math
7650,polonia,1,Poland
5076,Grill,1,Grill
6669,sonoro río,1,Sound River
7200,Oásis Urbano,1,Urban Oasis
6335,vita quotidiana,1,daily life
7907,Mamut ciutadella,1,Mamut Ciutadella
7659,Marie Curie,1,Marie Curie
5390,Cartello,1,Sign
7387,Dançanapaulista,1,Dancer
5202,Lärm,1,Noise
6893,Vains,1,Vain
6008,murano,1,murano
7582,morador de rua,1,homeless
6604,Erfurt,1,Erfurt
7112,Test nee version,1,Test nee version
7757,Araraquara/SP,1,Araraquara/SP
6807,flamenco,1,flamenco
6529,lavanderia,1,laundry
7315,medida,1,measure
8019,cultura accessible,1,cultura accessible
5117,Empfehlung,1,Recommendation
6702,Motos subiendo cuesta,1,Motorcycles rise
7235,SESC Bibliiteca,1,Bibliteca ses
7516,churros com doce de leite,1,Churros with dulce de leche
5480,Witaminka rynek Wrocław,1,Vitamin market Wrocław
7692,Salão de Arte,1,Art salon
5031,Leipzig,1,Leipzig
6737,Frenchurch street,1,Frenchurch street
5433,grzyby,1,mushrooms
7421,mcdonalds,1,mcdonalds
5239,balea,1,whale
6455,Gufo,1,Owl
6944,penumbra,1,penumbra
7615,caminhos musicais,1,Musical Paths
7154,cadeirantes,1,wheelchair
5598,lato,1,lato
6297,take away,1,take away
7789,#Feiradeacessibilidade,1,#FaterAdeaccessibility
6843,Carnicería,1,Carnage
5838,scuola di San Marco,1,San Marco school
7871,sin miedo,1,fearless
7067,Helados,1,Ice cream
5351,xardins,1,xardins
7267,dicas de pontos turísticos,1,Tour Points Tips
6382,concerti,1,concerts
7882,Bairro Olaria,1,Pottery neighborhood
7078,puerta muralla cristiana,1,Christian wall door
5367,Langer,1,Langer
7366,santacatarinahospital,1,Santacatarina Hospital
5177,Kastanienallee,1,Chestnut avenue
7279,Escada em espiral,1,Spiral
6393,Amicizie,1,Friendships
7560,Área comercial,1,Commercial area
6581,sigaretta,1,cigarette
6213,veneto,1,veneto
7735,coordenadora do educativo MAM,1,MAM Educational Coordinator
7473,tropeiros,1,tropeiros
5765,puzza,1,stink
4706,la Sapienza,1,Wisdom
6507,Attraversamento pedonale,1,Pedestrian crossing
7002,zona peatonal,1,pedestrian zone
6112,ristorante due colonne,1,two columns restaurant
5280,OPUS,1,OPUS
5089,best,1,best
6680,Secador de pelo,1,Hair dryer
7211,Arte Concierge,1,Art concierge
5648,carret,1,cart
7483,fala povo,1,Speak people
7918,cartel de menú,1,Menu poster
7670,Réplicas Táteis,1,Tactile replicas
7400,Galeria super variado,1,Super varied gallery
5214,Moin ich bin neu hier,1,Moin I'm new here
6432,Building,1,Building
6909,historias del Cabanyal,1,Cabanyal stories
6023,fiorai,1,florist
7594,Informações sobre o piso tatil para os leigos,1,Tatile floor information for lay people
6615,pavellon,1,pavellon
7124,mes,1,mes
5576,BricoMarche Nowa-Ruda-Słupiec,1,Bricomarche Nowa-Ruda-Słuck
7768,#feira #caldodecana #vilaclementino #sons,1,#Chop #CalDodecana #vilaclementino #sons
6818,Canal port,1,Canal port
7849,linha vermelha sp,1,Red Line SP
7038,típico,1,typical
5322,Xamon,1,Hammon
7329,o que não é visível,1,What is not visible
5134,akustisches Signal,1,acoustic signal
7246,Tesy,1,Tests
6361,racconto,1,tale
5931,trolley,1,trolley
7527,piadas,1,jokes
6549,passaggio pedonale,1,pedestrian crossing
6171,loggia dei cavalli,1,Loggia dei Cavalli
7703,Distrito Eugenio de Melo,1,Eugenio de Melo District
6750,german,1,german
5446,Granie na trawie,1,Playing on the grass
7432,Sertanejo,1,Countryside
5711,orizzonti,1,horizons
6470,Cani,1,Dog
6071,scalino,1,step
7629,Nossa querida mãe,1,Our dear mother
6647,edificio historico,1,Historical building
7174,reabilitação,1,rehabilitation
5615,Kalambur,1,Kalambur
6310,san benetto,1,San Benetto
7800,segundasfeiras19h30,1,Secondsfeiras19h30
6856,Campo de fútbol,1,Soccer field
5858,conad,1,Conad
7640,Auditório,1,Auditorium
5063,Raum Raum Raum Eier hat sich zwar zeitverzögert oh nein,1,Room room room eggs has delayed time oh no
6659,Helicopter,1,Helicopter
7187,painel tátil,1,tactile panel
5626,Xawery Dunikowski,1,Xawery Dunikowski
6323,pisani,1,pisani
7812,cracolandia,1,cracular
5872,guerra,1,guerra
7897,autobuses,1,autobuses
7089,Cruzar,1,Cross
5378,Bereich Briefe und Tapeten,1,Letters and wallpaper areas
7377,manicômio,1,asylum
5191,Einkaufen in Berlin,1,Shopping in Berlin
6405,Arpa,1,Arpa
5996,gondole con rilievo particolare,1,gondolas with particular relief
7571,Angélica,1,Angelica
6593,poste italiane,1,Italian post office
7098,Viña del Mar,1,Viña del Mar
5550,galeria domikanska,1,Galeria Domikanska
6233,pericolo acqua 10 metri,1,Water danger 10 meters
7746,Arepa,1,Alpha
5782,Villa Heriot,1,Villa Heriot
7828,eleições,1,elections
4725,amaury,1,Amaury
6519,tag2,1,Tag2
7016,Cauce del río viejo puente de Viveros,1,Cauce of the Viejo de Viveros River
6125,Spazio vuoto,1,Empty space
7301,Centro Cultural Vergueiro,1,VERGUEIRO CULTURAL CENTER
8009,torres de la caixa,1,towers of the box
6692,很危險,1,很危險
7223,Bicicleta,1,Bike
6359,erba tagliata,1,cut grass
7501,posto SPTrans,1,sptrans post
7931,hb,1,hb
6726,Vidas,1,Lives
7411,pisotateodefeituoso,1,Flash -feet
5683,Fonderia,1,Foundry
5228,parking,1,parking
6443,Labirinto,1,Maze
6933,músicos,1,musicians
7605,sobrenome,1,surname
6626,suono,1,sound
7138,finalmente,1,finally
7779,Instituto Paulistano,1,São Paulo Institute
6832,compañía,1,company
7860,amizadeantigas,1,FriendshipAntigas
7057,falso peatonal,1,False pedestrian
5336,convento,1,convent
5151,Reichstag,1,Reichstag
7257,Viva,1,Viva
5947,fegato,1,liver
7538,Alegria,1,Happiness
6560,Defibrillatore,1,Defibrillator
7968,codi QR,1,Codi QR
6186,yaas,1,yaa
7714,Obra cantoneiras Ibirapuera,1,Ibirapuera singer
6761,Berlin,1,Berlin
5462,Dobra,1,Good
7444,Qrcode,1,Qrcode
5728,anna1,1,Anna1
6482,Navi da crociera,1,Cruise ships
6977,historia del barrio Velluter,1,History of the Veluter neighborhood
6571,riparo,1,shelter
7979,carretera hospital transfronterer,1,Cross -border Hospital Road
5514,jessica,1,jessica
7725,Vicentinaaranha,1,Vicentinhaha
6772,Panarra,1,Panarra
7462,DJ na Paulista,1,DJ at Paulista
5749,querini stampalia,1,Querini Stampalia
6494,sacafisola,1,sacafisola
6992,Estación del Norte,1,North Station
5266,Feuga,1,Fuga
7651,france,1,france
5077,Aufnahme,1,Recording
5638,atrakcje,1,attractions
6336,Forni,1,Ovens
5889,glicine,1,wisteria
7908,francesc candi,1,Francesc Candi
7660,difícil acessibilidade,1,difficult accessibility
7388,Black Music,1,Black Music
5203,Stille,1,Quiet
6419,Camp de futbol,1,Football camp
6895,Escritor,1,Writer
6009,Vociare,1,Shout
7583,cegueira com produto químico,1,Blindness with chemical
6605,esplanada de gespa,1,Gespa splaced
5566,Gorące paczki,1,Hot packages
6808,bulerías,1,bulerías
4802,weather,1,weather
6530,cartolibreria,1,postcard
7028,barrio,1,barrio
5311,Entrada inaccesible,1,Inaccessible entrance
7317,Carlos # concentração,1,Carlos # Concentration
8020,maquetes tàctils,1,Touch models
6703,Constructores ayuntamiento,1,City Hall builders
7236,Sesc 24 de Maio,1,Sesc 24 de Maio
5918,ringhiera,1,railing
7517,diversidade,1,diversity
7947,perill amb les punxes,1,Danger with spikes
5481,Kałuże są bo woda pasuje,1,Puddles are because the water fits
7693,Museu de Arte Sacra,1,Sacred Art Museum
5032,Wohnung,1,Apartment
6738,Leadenhall market,1,Leadenhall market
7422,Rua livre,1,Free street
5240,Milladoiro,1,Mile
6456,Vw,1,Vw
6946,vida,1,life
7616,guarda civil metropolitana,1,Metropolitan Civil Guard
6637,francia,1,France
7155,Cafezinho,1,Scarf
5601,Urząd miasta,1,City hall
6298,giocare,1,play
7790,Banco do Brasil,1,Banco do Brasil
6844,despiece,1,Wink
4846,support group,1,support group
7068,colores,1,colors
7356,Casarão casa das rosas,1,Casarão Casa das Rosas
7268,início,1,start
6383,patronato,1,patronage
5961,fiera,1,fair
7550,Cara importante,1,Important face
7883,Street,1,Street
5368,weg,1,road
7367,Relatos Urbanos,1,Urban Reports
7280,acesso ao piso superior,1,access to the upper floor
5979,bucato,1,laundry
6582,cura,1,treatment
7736,produção blindwiki Brasil,1,Production Blindwiki Brazil
6783,fauna,1,fauna
7474,escravos,1,slaves
6508,Pitura freska,1,Pitura fresco
7004,velero,1,sailboat
6681,Paso de cebra,1,Zebra step
7212,Regina Silveira,1,REGINA SILVEIRA
6349,fondazione,1,foundation
7484,reciclagem,1,recycling
7919,Sant antoni,1,Sant Antoni
7671,Igreja católica,1,Catholic Church
4994,Armarios,1,Wardrobes
6715,natural.,1,natural.
5409,Ogromny kot,1,Huge cat
7401,Sao paulo da garoa,1,Sao Paulo da Garoa
5215,BSBH,1,Bsbh
6433,colour,1,colour
6916,Paraje natural de Contreras,1,Natural Place of Contreras
6024,fonrana,1,fonraana
7595,ambulantes sobre o piso tatil,1,street vendors
6616,eeuu,1,USA
7125,Sobieszewo,1,Sobieszewo
5577,Mienice miejsce-na-ognisko,1,Mianice place-on-coe
6269,folla,1,flop
7769,Trindade,1,Trinity
6819,condert,1,condert
5814,Casa Amadi,1,Amadi house
7850,estação Belém,1,Belém Station
7039,San Vicente de la roqueta,1,San Vicente de la Roqueta
5323,buenjamon,1,BUENJAMON
7331,Dentrofora,1,Inside
5135,Hähnchen,1,chicken
6362,margherite,1,margherite
7528,Marchinha da acessibilidade,1,Accessibility marchinha
6550,siepi,1,hedges
7958,Ur,1,Ur
5492,Zamek staw,1,Castle Pond
6172,motosega,1,chainsaw
7704,Armazem Secos e Molhados,1,Dry and wet warehouse
6751,Bahnhof,1,Railroad station
5447,Przychodnia Pulsantis,1,Pulsantis clinic
7433,Rota Paulista,1,São Paulo
5712,Misericordia,1,Misericordia
6960,espacio,1,space
6072,silenzi,1,silence
6648,Tempesta;pati interior,1,Storm; interior pati
5616,Impreza,1,Impreza
6311,Palazzo,1,Palazzo
7801,FundaçãoDorina,1,Foundation
6858,escucha,1,listen
6978,Recuerdos,1,Memories
6087,scuola grande di san rocco,1,Great School of San Rocco
7641,reforma a terminar,1,reform to finish
5065,Gurke,1,Cucumber
6660,Wassenberg,1,Wassenberg
5628,Wzgorze polski,1,Wziegorie Poland
6325,Tags,1,Tags
7813,Campanha gota eficiente,1,Efficient drop campaign
6871,salvado,1,bran
5873,memorie,1,memory
4960,pan de leña,1,wood bread
7378,navio,1,ship
5192,backyard,1,backyard
6407,Feltrinelli,1,Feltrinelli
5997,cantiere di gondole e barche,1,Gondole and boats construction site
7572,Obstáculos aéreos,1,Air obstacles
6594,alimentari,1,food
7099,dia nublado al lado del mar en el boulevard,1,clouded day next to the sea in the boulevard
5552,Brama Oławska,1,Oławska Gate
6234,Assesorato alle politiche sociali,1,Settled with social policies
7747,mensagem,1,message
6797,Baloncesto,1,Bolance
5783,Centri civici,1,Civic centers
7829,comemoração,1,celebration
4726,naviga,1,navigate
6520,Prova abdroid,1,Prova abdroid
7017,Primer hospital,1,Primer hospital
5300,Semaforo sonoro,1,Sound traffic light
7302,Ensaios,1,Rehearsals
6693,Autos subiendo y bajando cuesta,1,Cars up and down costs
7224,Biblioteca Mário de Andrade,1,Library Mário de Andrade
6360,panni stesi,1,Delicers lying
7937,"Ocells 
Paissatge sonor
Parcs",1,"Bird 
Sound landscape
Parks"
5467,Zus,1,Grown
7682,Brasil ruído do vento,1,BRAZIL NOESE OF THE WIND
6727,My home,1,My home
5684,bronzo,1,bronze
6444,perdersi,1,get lost
6934,árboles monumentales,1,monumental trees
7606,numerología,1,numerology
6627,cammino,1,path
7139,Prece,1,Item
5588,Pieśniarze,1,Singer
6282,museo ca' rezzonico,1,Ca 'Rezzonico Museum
7780,Dica,1,Tip
6833,Encuentro,1,Meeting
7861,amizadesnovas,1,friendships
4835,Indian Pakistani restaurant,1,Indian Pakistani restaurant
7344,Sesc paulista,1,Sesc Paulista
7258,postar,1,post
5948,Auditorium,1,Auditorium
7539,Brincadeira,1,Joke
6561,fermate,1,stops
6187,riva degli schiavoni,1,Riva degli Schiavoni
7715,Obra traca,1,Traca work
6762,Skulptur,1,Sculpture
5463,Plac strzelecki,1,Strzelecki Square
5729,Anna12,1,Anna12
7551,ponto de ônibus.,1,bus stop.
6572,portici,1,arcades
7980,hospital transfronterer,1,cross -border hospital
5516,Piekarnia na Bema,1,Bakery on Bema
6200,spazi verdi,1,green spaces
7726,Ibirapuera,1,Ibirapuera
6773,Dinar,1,Dirty
7463,igreja São Luiz Gonzaga,1,São Luiz Gonzaga Church
6496,sacca fisola,1,Fisola bag
6993,Historia y arquitecto de la estación del Norte de Valencia,1,History and architect of the North Station of Valencia
6100,vetrine,1,showcases
5267,Escuela ingeniería,1,Engineering School
7652,uk,1,uk
5078,willkommen,1,welcome
7202,Judeus,1,Jews
5639,galerie sztuki,1,Arts galleries
5891,marin faliero,1,Marin Faliero
7909,historiador,1,historian
7661,Rebeka Lima,1,Rebecca Lima
7389,Loucura,1,Craziness
5204,Holocaust Denkmal,1,Holocaust Thinking Mal
6420,daisy,1,daisy
6896,Museo Blasco Ibañez,1,Blasco Ibañez Museum
6010,Osmiza,1,Osmiza
7584,Theatro São Pedro,1,Theater São Pedro
6606,Isoloto,1,Islet
5567,Hotel Monopol,1,Hotel Monopol
7759,Corrego da Caixa dAgua parque natural municipal basalto,1,Corrego da Caixa Dagua Basalto Municipal Natural Park
7840,Sebastião Salgado @,1,Sebastião Salgado @
6531,tabaccaio,1,tobacconist
7029,tapeado,1,tapey
5312,Supermercados,1,Supermarkets
7318,pintura contemporanea,1,contemporary pinture
8021,maqueta tàctil,1,tactile model
6704,Música tienda,1,Store music
7237,Metrô Sumaré,1,Sumaré subway
7518,juntos somos mais fortes,1,Together we are stronger
7948,Dispensador de bosses per caques de gossos,1,Dog Bag Dispenser
5482,Where is Antonii?,1,Where is Antonii?
6156,lamenti,1,complaints
7694,Exposição Itinerante,1,Itinerant exposure
5033,Balkon,1,balcony
6739,Liverpool Street Station,1,Liverpool Street Station
7423,ocupação urbana,1,urban occupation
5699,Battello 51,1,Boat 51
5241,Ames,1,Ames
6457,attention,1,attention
6060,vita notturna,1,nightlife
7617,livraria,1,bookstore
6638,cemento,1,cement
7157,Complexo transportes coletivos Saccoman,1,Complex Collective Transport Saccoman
5603,Bar witek,1,Witek bar
7791,utopias disto pias,1,Utopias of this
6845,Tacto,1,Touch
5842,portone,1,door
7069,Graffitis,1,Graffiti
7357,Paulista música cultura,1,Paulista Music Culture
7269,direção,1,direction
6384,facciata,1,facade
5962,Via bustelli 9,1,Via Bustelli 9
